Date,Open,High,Low,Close,Volume,Adj Close
6/30/10,49.719965,50.28996,48.969958,49.089961,19329600,29.174816
7/1/10,49.239964,49.569958,48.059956,48.869962,18899300,29.044067
7/2/10,49.169967,49.359967,48.409957,48.819956,9494200,29.014348
7/6/10,49.969964,50.249967,48.609965,49.199956,20722400,29.240187
7/7/10,49.269968,51.259966,49.269968,51.159965,15830600,30.405046
7/8/10,52.159955,52.169954,50.959957,51.549963,11443900,30.636827
7/9/10,51.649959,52.469958,51.39996,52.299965,11313200,31.082563
7/12/10,52.039958,52.639957,51.77996,52.099956,12374900,30.963696
7/13/10,52.889956,53.649956,52.689958,53.219965,11283200,31.629332
7/14/10,53.089964,53.459956,52.469958,52.799952,10444800,31.379713
7/15/10,52.739963,53.029965,52.059959,52.859956,9567500,31.415374
7/16/10,52.599959,52.799952,51.599954,51.849958,11406400,30.815118
7/19/10,52.199953,52.279958,51.489959,51.839959,9327000,30.809176
7/20/10,50.999954,52.859956,50.799961,52.659958,12506700,31.296512
7/21/10,53.079956,53.129962,51.649959,52.119963,11407400,30.975586
7/22/10,52.789959,53.889961,52.56996,53.269956,11721700,31.659042
7/23/10,53.229958,53.859957,52.759955,53.78996,10457800,31.968087
7/26/10,53.989958,54.70996,53.769959,54.429957,8437900,32.348446
7/27/10,54.729962,54.949951,54.119954,54.439955,10823000,32.354388
7/28/10,55.019963,55.19995,53.809951,54.439955,14859400,32.354388
7/29/10,54.679961,55.549951,54.119954,54.559958,14933200,32.756641
7/30/10,54.099963,55.76995,53.889961,55.219956,15913200,33.15289
8/2/10,55.999963,57.699959,55.919952,57.529956,17988000,34.539765
8/3/10,56.869952,57.889959,56.799955,57.559955,12997800,34.557776
8/4/10,57.549957,58.029953,57.049959,57.419961,13312800,34.473726
8/5/10,56.999953,57.819952,56.87996,57.699959,11103600,34.641832
8/6/10,57.039961,57.539949,56.239953,56.929956,12876900,34.179538
8/9/10,57.249952,57.569948,57.089952,57.309951,8365100,34.407679
8/10/10,56.519952,57.279952,56.319959,56.869952,12286600,34.143513
8/11/10,55.95995,55.999963,55.19995,55.509953,13870600,33.326998
8/12/10,54.939958,55.639954,54.599951,55.349957,10271300,33.23094
8/13/10,54.859963,55.439956,54.839956,55.019963,8487100,33.032819
8/16/10,54.799959,54.969957,54.299961,54.92996,9422000,32.978783
8/17/10,55.379957,56.249961,54.92996,55.869962,11578100,33.54314
8/18/10,55.859953,55.929965,54.919962,55.419954,7930300,33.272965
8/19/10,55.109962,55.259954,54.319962,54.70996,9833700,32.8467
8/20/10,54.289963,54.469955,53.289962,53.889961,12857700,32.35439
8/23/10,54.099963,54.569951,53.589952,53.709955,14878700,32.246317
8/24/10,53.089964,53.969952,52.999961,53.429956,14798000,32.078212
8/25/10,52.999961,53.689963,52.329964,53.459956,10557100,32.096223
8/26/10,53.749952,53.839956,52.099956,52.409959,12361900,31.465828
8/27/10,52.959953,53.889961,52.099956,53.419958,14199200,32.07221
8/30/10,53.189961,53.539961,52.649965,52.669956,8570800,31.621925
8/31/10,52.259957,52.809961,51.99996,52.429966,11265200,31.477839
9/1/10,53.849964,54.209958,53.289962,54.059955,11545500,32.45645
9/2/10,54.089955,54.489961,53.769959,54.429957,6664400,32.678592
9/3/10,54.659955,55.229954,54.639963,55.049963,8186400,33.05083
9/7/10,54.629955,54.779957,53.589952,53.659964,11082400,32.216304
9/8/10,53.819964,54.799959,53.819964,54.319962,7869300,32.612553
9/9/10,54.979951,55.399963,54.699962,54.729962,7592300,32.858708
9/10/10,55.219956,55.299962,54.679961,54.749958,7317000,32.870713
9/13/10,55.269962,55.669953,54.979951,55.379957,9470300,33.248951
9/14/10,55.149959,55.719959,54.879954,55.369959,7607000,33.242949
9/15/10,55.069954,55.629956,54.729962,55.559959,8696200,33.357021
9/16/10,55.439956,55.869962,55.08996,55.359951,9146000,33.23694
9/17/10,55.479953,55.749959,55.069954,55.269962,11456000,33.182913
9/20/10,55.549951,57.169957,55.319953,56.829955,10200600,34.119499
9/21/10,56.919958,57.039961,56.299952,56.519952,11109800,33.93338
9/22/10,56.619953,56.979957,55.979956,56.059962,7976000,33.657212
9/23/10,55.509953,55.979956,54.999957,55.219956,9025600,33.15289
9/24/10,55.609954,56.569957,55.349957,56.359956,10187700,33.837322
9/27/10,56.519952,56.789962,56.009956,56.25996,7671800,33.777286
9/28/10,56.49996,57.379948,56.089961,57.089952,12702300,34.275596
9/29/10,57.029953,57.699959,56.649953,57.359957,11712100,34.437701
9/30/10,57.889959,57.989961,56.87996,57.429954,12823600,34.479726
10/1/10,57.969954,58.089957,57.339956,57.85996,15865300,34.737892
10/4/10,57.569948,57.819952,56.799955,57.25996,10609500,34.377666
10/5/10,57.729949,58.85995,57.66996,58.789953,16587200,35.296241
10/6/10,58.819953,59.699956,58.799951,59.699956,14564000,35.842587
10/7/10,59.989952,59.99995,59.149947,59.709954,11241300,35.84859
10/8/10,59.749946,59.939946,59.349955,59.609952,11496900,35.788551
10/11/10,59.689962,59.989952,59.519954,59.789959,7791100,35.896623
10/12/10,59.539955,59.819958,58.88995,59.609952,11014300,35.788551
10/13/10,59.939946,60.489955,59.859956,60.129946,13165700,36.100744
10/14/10,60.269955,60.659949,59.949954,60.319946,10341300,36.214816
10/15/10,60.679955,60.869955,59.99995,60.779951,11257200,36.490994
10/18/10,60.75995,61.449948,60.539946,61.259948,16892800,36.779173
10/19/10,60.399952,60.809951,59.539955,59.99995,13672400,36.022697
10/20/10,60.179952,61.689954,59.899954,61.269961,12799600,36.785185
10/21/10,61.35995,61.849954,60.619956,61.119954,22305600,36.695124
10/22/10,61.469954,61.879954,61.219955,61.669947,24173100,37.025328
10/25/10,62.109951,62.629955,61.279954,61.339958,22682800,36.82721
10/26/10,60.869955,61.619957,60.749952,61.369958,14269600,36.845221
10/27/10,59.699956,60.479962,59.549953,60.079955,15251900,36.396917
10/28/10,60.37995,60.449957,59.219959,59.579953,13447600,36.094011
10/29/10,59.37996,59.529947,58.799951,59.389953,11147800,35.978908
11/1/10,59.959953,60.119953,58.58996,58.949954,12258200,35.712353
11/2/10,59.299954,59.799952,58.799951,59.339947,13768900,35.948614
11/3/10,59.389953,59.449957,58.369961,59.409959,13562200,35.991028
11/4/10,60.079955,61.459956,59.80995,61.249955,15869900,37.105712
11/5/10,61.369958,61.889952,61.229949,61.809957,11759100,37.444966
11/8/10,61.499954,62.46996,61.349951,62.409956,11610500,37.80845
11/9/10,62.749948,62.949956,61.719953,62.029956,13672700,37.578243
11/10/10,61.97995,63.269952,61.659954,63.209954,13714200,38.293095
11/11/10,62.899951,63.139956,62.589948,62.889953,10132000,38.099236
11/12/10,62.27996,62.619947,61.759951,62.419954,11394400,37.814507
11/15/10,62.439955,62.54995,62.019948,62.069954,10426500,37.602474
11/16/10,61.289952,61.289952,60.499953,60.939952,14302000,36.91791
11/17/10,60.949945,61.439955,60.649955,60.809951,9155200,36.839154
11/18/10,61.659954,62.19995,61.509952,61.749958,8439000,37.408618
11/19/10,61.689954,61.939958,61.109946,61.919951,10254000,37.511601
11/22/10,61.749958,61.749958,60.529953,61.489961,8689900,37.251109
11/23/10,60.719953,60.749952,60.059949,60.519954,8995600,36.663472
11/24/10,60.779951,61.479952,60.699961,61.449948,7808400,37.22687
11/26/10,60.969951,61.369958,60.649955,60.809951,3374100,36.839154
11/29/10,60.439949,60.899954,59.56996,60.679955,8501500,36.760402
11/30/10,60.109955,60.919946,60.019952,60.169959,11452100,36.451442
12/1/10,61.399957,62.479953,61.199949,62.449954,13985000,37.832681
12/2/10,62.38995,63.87995,62.299951,63.699943,11490800,38.589935
12/3/10,63.659951,64.059952,63.52995,63.919943,13534900,38.723212
12/6/10,63.87995,64.439952,63.749949,64.179955,7505100,38.880729
12/7/10,64.739947,64.999954,64.319949,64.369955,10400700,38.995833
12/8/10,64.499951,64.919948,64.039946,64.609945,9009300,39.141221
12/9/10,64.949948,64.959946,64.239954,64.669949,8205100,39.177572
12/10/10,64.779954,64.929946,64.369955,64.579946,8456900,39.123047
12/13/10,64.879951,66.339947,64.799945,65.469957,12729700,39.662223
12/14/10,65.429944,65.999944,65.059958,65.649949,10241800,39.771264
12/15/10,65.429944,65.619944,65.059958,65.119946,10032500,39.450184
12/16/10,65.319955,65.719946,64.829945,65.66995,8660900,39.783381
12/17/10,65.66995,65.88995,64.659951,65.059958,14959200,39.413842
12/20/10,65.369945,66.159945,65.28995,65.989951,11691800,39.97724
12/21/10,66.349945,66.899953,66.179951,66.629948,7936700,40.364955
12/22/10,66.849948,67.15995,66.629948,67.029949,7806500,40.607279
12/23/10,66.839949,67.109945,66.689947,67.07994,5875900,40.637564
12/27/10,66.849948,67.309953,66.639956,67.149952,5756500,40.679978
12/28/10,67.289946,67.699946,66.859956,67.549944,6367100,40.922296
12/29/10,67.549944,68.299945,67.449947,67.929944,5502900,41.152503
12/30/10,67.999951,68.309943,67.719952,67.999951,5222600,41.194913
12/31/10,67.929944,68.579949,67.829947,68.099952,6363800,41.255495
1/3/11,68.769949,68.809946,67.999951,68.239946,9714500,41.340305
1/4/11,68.609948,68.609948,67.099947,67.879953,12524100,41.122218
1/5/11,67.639947,67.779951,67.259947,67.549944,12431700,40.922296
1/6/11,67.699946,67.799942,66.709953,66.96995,10508800,40.570931
1/7/11,67.119953,67.529952,66.609952,67.109945,7742400,40.655741
1/10/11,66.729945,67.099947,66.499947,66.879947,6269100,40.516406
1/11/11,67.56995,68.239946,67.399951,68.169949,9711300,41.2979
1/12/11,68.629954,68.989948,68.289952,68.689943,6918500,41.612917
1/13/11,68.369942,68.689943,66.949944,67.259947,14240400,40.746613
1/14/11,67.279948,67.829947,66.77995,67.719952,9679400,41.025288
1/18/11,67.919945,68.339943,67.609942,68.089944,7984200,41.249432
1/19/11,68.279939,68.289952,67.249949,67.769943,7305700,41.055573
1/20/11,67.499953,67.579943,66.519953,67.209951,11582700,40.716326
1/21/11,67.879953,67.969951,67.019956,67.659948,12130000,40.988937
1/24/11,67.75995,68.249955,67.319946,68.099952,12675800,41.255495
1/25/11,67.969951,68.099952,66.669941,67.479946,11129400,40.879891
1/26/11,68.039948,69.809947,67.579943,69.249945,14982400,41.95217
1/27/11,69.409946,69.719944,68.819954,69.389949,13330500,42.036986
1/28/11,69.719944,71.609945,69.659945,70.559949,23741400,42.745781
1/31/11,71.289949,71.739946,70.49995,71.459943,20863700,43.291004
2/1/11,71.619943,72.009951,71.519947,71.709947,15245600,43.442459
2/2/11,71.639945,72.649948,71.399944,72.109948,9492200,43.684783
2/3/11,72.129939,72.129939,71.129949,72.029943,13144400,43.636315
2/4/11,72.019945,72.249942,71.289949,71.669949,13540900,43.418228
2/7/11,71.709947,72.549947,71.709947,72.28994,12774700,43.793823
2/8/11,72.249942,72.339946,71.639945,71.999943,6220300,43.618141
2/9/11,71.71994,71.749939,70.369949,70.65995,11847800,42.806363
2/10/11,70.099944,70.449944,69.799954,70.079942,14924700,42.454989
2/11/11,69.869951,72.439942,69.749948,71.579946,15899400,43.363703
2/14/11,71.959946,73.939946,71.929946,73.769942,10643800,44.69042
2/15/11,73.66994,73.939946,73.079939,73.499947,9083800,44.526855
2/16/11,74.07994,75.02994,73.96995,74.94995,10405200,45.405278
2/17/11,74.519944,75.989948,74.289946,75.519944,11677600,46.157041
2/18/11,75.94994,76.719943,75.209947,76.619937,11202000,46.829345
2/22/11,77.609944,78.739946,75.78994,76.609939,15975600,46.823234
2/23/11,76.939948,79.599942,76.869936,78.569937,18591600,48.021166
2/24/11,78.90994,79.239934,76.509942,77.279935,17269800,47.232729
2/25/11,77.309934,77.689934,76.779947,77.279935,10528100,47.232729
2/28/11,77.279935,78.33994,77.099943,77.869941,10513200,47.593335
3/1/11,78.299942,79.09994,77.559938,77.829944,13527800,47.568889
3/2/11,77.54994,78.899941,77.419944,78.249941,11534800,47.825587
3/3/11,78.49994,79.809934,78.399944,79.549937,11486900,48.620132
3/4/11,79.629942,80.919944,79.249942,79.979942,12042200,48.882947
3/7/11,80.619934,80.999934,79.109938,79.199936,10345300,48.406215
3/8/11,78.839942,78.90994,77.149939,78.319938,11719800,47.868369
3/9/11,78.179944,78.87994,77.749938,78.039935,8332400,47.697234
3/10/11,76.989938,77.129948,74.699946,75.179942,15892300,45.949234
3/11/11,73.749951,76.92994,73.509945,76.299936,9552700,46.633763
3/14/11,75.499943,76.079936,75.039938,75.839945,14889700,46.352622
3/15/11,72.47994,75.549949,71.129949,74.979949,16720600,45.827001
3/16/11,75.099937,75.449937,72.889939,73.739938,16059300,45.069118
3/17/11,75.059939,77.299941,74.539945,76.719943,13845200,46.890468
3/18/11,77.869941,78.589944,75.339943,75.349941,21501600,46.053136
3/21/11,77.159947,77.969938,76.669942,77.54994,16230600,47.397754
3/22/11,77.749938,77.829944,76.999937,77.219936,11117000,47.196059
3/23/11,76.869936,78.929946,76.799939,78.539938,12369900,48.00283
3/24/11,79.059942,80.049939,78.839942,79.699939,12067200,48.711812
3/25/11,79.849941,80.699945,79.199936,80.239939,10062200,49.041855
3/28/11,80.029933,80.519938,79.569943,79.569943,6901300,48.632359
3/29/11,78.939939,79.459933,78.299942,78.809943,11423300,48.167855
3/30/11,79.519937,80.799941,79.309946,80.689931,10166600,49.316885
3/31/11,80.819933,81.799932,79.829935,79.859939,11034500,48.809602
4/1/11,80.47994,80.749935,79.369945,79.679933,10012700,48.699584
4/4/11,79.999934,79.999934,79.149945,79.679933,8212900,48.699584
4/5/11,80.009942,80.599933,79.599942,80.319945,8572100,49.090753
4/6/11,80.819933,80.899938,80.299938,80.429939,9523700,49.157981
4/7/11,80.319945,80.769942,79.789942,80.399935,8159400,49.139642
4/8/11,80.749935,81.179941,80.429939,80.789933,11362300,49.378005
4/11/11,80.719936,81.749941,79.999934,80.119937,8695000,48.96851
4/12/11,79.039941,79.379943,76.35994,77.159947,16974700,47.159394
4/13/11,77.759947,78.039935,76.869936,77.659935,9284900,47.464982
4/14/11,77.399938,78.609935,77.199945,78.279941,7215700,47.843923
4/15/11,78.789937,79.749945,78.389935,79.119946,9605300,48.357326
4/18/11,77.409936,78.019944,77.149939,77.609944,8883000,47.434428
4/19/11,77.479943,78.379937,77.479943,78.14994,7589300,47.764468
4/20/11,79.47994,80.159944,79.269933,79.989935,8690000,48.889055
4/21/11,80.269939,80.899938,80.029933,80.729944,7415100,49.341341
4/25/11,80.989941,80.999934,79.759938,80.47994,6881600,49.188541
4/26/11,80.589935,81.499937,80.399935,81.209941,7739500,49.63471
4/27/11,80.389942,80.979933,78.399944,79.829935,13406100,48.791264
4/28/11,79.059942,79.389936,76.969947,77.449944,17423700,47.336637
4/29/11,77.469935,78.999943,77.419944,78.889933,12122200,48.216744
5/2/11,78.869942,78.979937,77.019938,77.469935,11273500,47.348855
5/3/11,76.969947,77.019938,73.39995,74.529937,23246900,45.551958
5/4/11,74.669946,74.669946,72.409943,73.649939,20650700,45.014112
5/5/11,72.839948,72.959951,71.209944,71.969939,16738800,43.987312
5/6/11,72.819942,74.439939,72.499941,72.939945,15594500,44.58017
5/9/11,73.499947,74.109944,73.159944,73.719946,12537100,45.0569
5/10/11,73.889945,74.789949,73.559951,74.599949,9253600,45.594748
5/11/11,74.069947,74.18995,72.029943,72.519947,13287700,44.323472
5/12/11,72.359947,72.399945,70.669943,71.519947,16397300,43.712282
5/13/11,71.68994,71.989945,70.609945,71.429943,10836100,43.657272
5/16/11,71.369939,72.109948,70.729947,71.429943,10735600,43.657272
5/17/11,70.68995,71.849941,70.68995,71.539948,10869700,43.724506
5/18/11,71.819951,73.419942,71.509949,72.809944,11562100,44.500715
5/19/11,72.689941,73.149946,72.049949,72.699939,8657400,44.839941
5/20/11,72.599943,73.129945,71.779944,72.609951,10245600,44.784437
5/23/11,71.539948,71.709947,70.839937,71.329947,9205200,43.994955
5/24/11,71.939939,73.04994,71.819951,71.90994,9788000,44.352684
5/25/11,71.349948,72.439942,71.279941,71.969939,9986900,44.38969
5/26/11,71.929946,72.709947,71.559939,72.339946,8057200,44.617903
5/27/11,72.989951,73.349944,72.249942,72.639935,5669600,44.802931
5/31/11,73.849947,74.109944,72.709947,73.219943,15173600,45.160669
6/1/11,73.179951,73.539944,72.059942,72.339946,9761000,44.617903
6/2/11,72.279942,72.879941,71.429943,72.149946,8088600,44.500715
6/3/11,70.809953,72.999944,70.779953,72.389951,9610100,44.648746
6/6/11,71.899942,72.499941,70.599946,70.919947,8360100,43.742075
6/7/11,71.30994,71.68994,70.719949,70.869942,14155700,43.711233
6/8/11,70.899941,72.279942,70.899941,71.459943,10532600,44.075134
6/9/11,71.949948,73.119947,71.399944,72.509939,9136000,44.722752
6/10/11,72.219943,72.459949,71.399944,71.489942,9634800,44.093637
6/13/11,71.559939,72.09994,70.249946,70.749949,9257400,43.637223
6/14/11,71.519947,72.659942,71.519947,71.869942,9883500,44.328014
6/15/11,71.139947,71.819951,70.079942,70.569947,10119900,43.526202
6/16/11,70.68995,72.239949,70.549941,71.619943,10929000,44.17382
6/17/11,72.229936,72.949938,71.30994,71.929946,12751000,44.365024
6/20/11,71.389946,72.779945,71.06995,72.269949,15493300,44.57473
6/21/11,72.999944,74.149937,72.829935,73.729944,13283800,45.475228
6/22/11,73.449941,74.319946,73.269939,73.289941,9448000,45.203842
6/23/11,71.959946,73.039942,70.999953,72.999944,11831900,45.024978
6/24/11,72.759938,73.189944,71.33994,71.429943,17719600,44.056631
6/27/11,71.319949,72.189943,71.269943,71.779944,10192600,44.272505
6/28/11,72.209945,73.369951,72.169952,73.259941,9009500,45.185339
6/29/11,73.689947,74.509946,73.519938,74.019941,10559700,45.654093
6/30/11,74.34995,75.269946,74.329944,75.18994,9932800,46.375726
7/1/11,75.269946,75.999946,74.56995,75.879943,10006700,46.801307
7/5/11,75.909943,76.489936,75.529943,75.849939,10316300,46.7828
7/6/11,75.909943,76.149948,75.56994,76.029945,8072400,46.893825
7/7/11,76.839936,76.999937,76.259938,76.749948,7971000,47.337909
7/8/11,75.339943,75.94994,75.109945,75.909943,10114000,46.81981
7/11/11,74.829947,75.069937,74.409949,74.699946,8613400,46.073506
7/12/11,74.249939,75.209947,73.989941,74.339937,9560200,45.85146
7/13/11,74.419947,75.309943,73.989941,74.399941,9746000,45.888469
7/14/11,80.109938,80.129945,75.499943,75.609933,81425300,46.634769
7/15/11,76.609939,77.029936,76.149948,76.419939,54703200,47.134365
7/18/11,76.349941,76.439945,75.209947,75.439939,29702400,46.52992
7/19/11,75.989948,76.379941,74.699946,75.429946,14289200,46.523757
7/20/11,75.78994,75.919936,74.99994,75.109945,11687200,46.326386
7/21/11,74.819933,75.999946,74.509946,75.809946,11245700,47.172646
7/22/11,75.709944,75.849939,75.079946,75.259937,10632300,46.830404
7/25/11,74.56995,75.259937,74.329944,74.549943,11094600,46.388611
7/26/11,74.559941,74.699946,73.47994,73.609942,12838100,45.803696
7/27/11,74.18995,74.489944,73.119947,73.129945,13279600,45.505018
7/28/11,73.099946,73.519938,72.549947,72.769951,10521800,45.281013
7/29/11,72.019945,72.699939,71.44995,71.989945,13237500,44.795655
8/1/11,73.459939,73.459939,71.439937,71.989945,11780500,44.795655
8/2/11,71.509949,72.429944,70.599946,70.629946,12745000,43.949397
8/3/11,70.639944,71.25995,69.379941,70.559949,15890700,43.905841
8/4/11,69.409946,69.509942,66.77995,66.919945,20754800,41.640853
8/5/11,67.119953,69.249945,65.249958,67.749952,24705000,42.157324
8/8/11,65.169947,67.469948,61.829948,61.919951,38423900,38.529614
8/9/11,62.899951,64.689951,60.399952,64.559955,29061500,40.172352
8/10/11,64.479949,65.169947,62.049947,62.709951,20229900,39.02119
8/11/11,63.039955,66.419957,62.399948,65.519948,20693200,40.769707
8/12/11,66.549953,67.119953,65.319955,66.04995,14384100,41.0995
8/15/11,67.059949,68.249955,66.77995,67.479946,12985500,41.989314
8/16/11,66.829956,67.059949,65.749945,66.539945,12622300,41.404399
8/17/11,67.289946,67.609942,66.369951,66.819943,9653300,41.578627
8/18/11,65.499941,65.519948,63.089951,63.789947,21652600,39.693216
8/19/11,63.079953,64.939955,62.999947,63.589954,18009000,39.56877
8/22/11,65.379954,65.689941,63.019954,63.329956,11662200,39.406988
8/23/11,63.519956,65.719946,63.489952,65.709948,15304400,40.887934
8/24/11,65.369945,66.209951,64.809954,66.119947,10054800,41.143056
8/25/11,66.609952,66.879947,64.499951,64.779954,9999200,40.309247
8/26/11,64.279951,66.019951,63.49995,65.509955,10132900,40.763489
8/29/11,66.679949,67.839955,66.579952,67.779951,10541200,42.175991
8/30/11,66.839949,68.329945,66.219944,67.839955,14379500,42.213329
8/31/11,68.299945,68.749942,67.549944,68.069948,11838200,42.356441
9/1/11,68.659939,68.869945,67.629949,67.969951,11748000,42.294219
9/2/11,66.409944,66.919945,65.729954,66.439948,11444700,41.342176
9/6/11,64.209954,65.829951,63.799955,65.699955,14460600,40.881716
9/7/11,66.659948,67.389943,66.369951,67.309953,11554500,41.883535
9/8/11,66.99995,67.499953,65.379954,65.879941,13725700,40.993713
9/9/11,64.959946,65.749945,63.869952,64.229946,16024900,39.967005
9/12/11,63.419955,64.25995,62.949956,64.239954,15501800,39.973232
9/13/11,64.459958,65.279942,63.789947,64.759948,10263100,40.296798
9/14/11,65.029953,66.879947,64.319949,65.969945,13171600,41.049717
9/15/11,66.489954,67.039948,66.059948,66.919945,12154000,41.640853
9/16/11,67.389943,67.499953,66.249948,67.289946,19606800,41.871087
9/19/11,65.88995,67.219949,65.389952,66.769952,10983700,41.547521
9/20/11,67.089953,68.219955,66.699945,67.009943,10752400,41.696855
9/21/11,66.829956,67.199943,64.949948,64.949948,12438700,40.415025
9/22/11,62.989949,63.319943,61.829948,62.869951,20736300,39.12075
9/23/11,61.859947,63.239953,61.799948,62.509953,12031800,38.896741
9/26/11,62.939948,64.209954,61.78995,64.129949,13408900,39.904782
9/27/11,65.429944,65.949953,63.87995,64.25995,12306400,39.985675
9/28/11,63.779948,65.529946,63.039955,63.229955,12599200,39.344762
9/29/11,64.659951,64.669949,63.069959,64.369955,17746100,40.054125
9/30/11,62.979956,64.639945,62.979956,63.319943,13489200,39.400757
10/3/11,62.709951,62.909944,60.949945,60.989958,15364000,37.950926
10/4/11,60.059949,62.349957,58.649959,62.269952,16659700,38.747401
10/5/11,63.11995,64.009946,62.229954,63.929956,16448800,39.780336
10/6/11,63.199955,64.429954,62.919952,64.349948,12444600,40.041676
10/7/11,64.759948,65.079949,63.449959,64.159948,11888600,39.923449
10/10/11,65.529946,67.099947,65.439957,66.949944,10621000,41.65952
10/11/11,66.349945,67.369952,66.279948,67.019956,11552100,41.703085
10/12/11,67.709944,68.519945,67.18995,67.849948,11075000,42.219547
10/13/11,66.209951,67.309953,66.089948,67.039948,11066400,42.125294
10/14/11,67.999951,68.989948,67.819949,68.989948,9908000,43.350599
10/17/11,68.719943,69.159942,67.789949,68.339943,8503600,42.942161
10/18/11,68.099952,69.999947,67.889946,69.209948,13049800,43.488838
10/19/11,69.349942,70.669943,69.059945,69.559948,11622400,43.708764
10/20/11,69.479943,70.619953,68.999941,70.269942,11259200,44.154897
10/21/11,71.009946,71.999943,70.87995,71.829945,11797900,45.135142
10/24/11,71.819951,72.409943,71.349948,72.119946,9556900,45.317368
10/25/11,72.189943,72.189943,70.449944,70.679942,14405300,44.412525
10/26/11,72.129939,72.469942,70.159947,71.889949,11942100,45.172846
10/27/11,73.229942,73.699945,72.44994,72.849942,15944000,45.776068
10/28/11,72.769951,72.969944,71.509949,71.739946,19665300,45.07859
10/31/11,70.669943,70.889943,69.649946,69.649946,13541700,43.765316
11/1/11,67.909952,68.859947,67.249949,67.919945,15031600,42.67825
11/2/11,69.219946,69.859938,68.599955,69.099943,10156000,43.419715
11/3/11,69.779948,70.76994,68.94995,70.49995,12149500,44.299425
11/4/11,69.829953,70.839937,69.569941,70.709941,8212500,44.431375
11/7/11,70.829944,71.869942,70.439946,71.579946,7949900,44.978052
11/8/11,71.969939,72.969944,71.179939,72.739947,10131000,45.706952
11/9/11,70.819946,71.71994,69.89995,70.219946,12178600,44.123482
11/10/11,71.189953,71.819951,70.149949,71.439937,8220000,44.890076
11/11/11,72.279942,72.779945,71.979952,72.139947,8604400,45.329936
11/14/11,71.809943,72.119946,71.139947,71.699949,10844700,45.053457
11/15/11,71.569948,72.499941,71.419945,71.989945,8651100,45.23568
11/16/11,71.189953,71.49994,69.409946,69.759941,13159700,43.834432
11/17/11,69.619947,70.889943,68.97995,69.559948,11358900,43.708764
11/18/11,69.909944,69.989954,68.839946,69.269952,10538100,43.526542
11/21/11,68.299945,69.199954,67.86994,68.849954,10987600,43.262632
11/22/11,68.679945,68.929944,67.909952,68.139945,8898500,42.81649
11/23/11,67.279948,67.75995,66.929953,66.929953,11323500,42.056178
11/25/11,66.759944,67.169944,66.129945,66.139953,5497500,41.559773
11/28/11,68.079946,68.269946,66.689947,67.26994,13043600,42.269812
11/29/11,67.499953,68.489945,67.26994,68.139945,11096400,42.81649
11/30/11,70.029946,71.369939,70.009945,71.319949,15364800,44.81468
12/1/11,71.159948,71.889949,71.019944,71.759948,9337000,45.091158
12/2/11,72.409943,73.119947,71.839943,72.549947,14742000,45.587563
12/5/11,73.219943,73.899938,72.329947,72.819942,12112400,45.757218
12/6/11,72.909946,73.299939,72.539939,72.539939,11239000,45.581275
12/7/11,72.169952,72.879941,71.649943,72.409943,11222600,45.49959
12/8/11,72.059942,72.329947,70.799944,71.019944,9983100,44.626169
12/9/11,71.389946,72.359947,71.33994,71.949948,9268800,45.210547
12/12/11,71.14994,71.399944,69.749948,70.479943,9719500,44.286854
12/13/11,70.939949,71.649943,69.559948,69.849945,12212100,43.890987
12/14/11,69.419954,69.949941,68.159951,68.519945,12136400,43.055267
12/15/11,69.009954,69.32995,67.959943,68.289952,9276900,42.910748
12/16/11,69.099943,69.109951,67.979949,68.399942,22967400,42.979862
12/19/11,68.039948,68.749942,67.649955,67.849948,8296500,42.634267
12/20/11,69.229954,69.999947,69.129942,69.779948,8933500,43.847003
12/21/11,69.959949,70.779953,69.73995,70.619953,9004500,44.37483
12/22/11,70.729947,71.90994,70.599946,71.739946,9878800,45.07859
12/23/11,71.87994,72.439942,71.819951,72.429944,5381700,45.512158
12/27/11,72.189943,73.169943,72.189943,72.939945,5836900,45.832623
12/28/11,72.939945,73.109939,71.749939,71.819951,6935800,45.128863
12/29/11,71.90994,72.909946,71.90994,72.869948,5944100,45.788639
12/30/11,72.919939,73.199942,72.709947,72.869948,6077300,45.788639
1/3/12,73.919944,74.829947,73.919944,74.169943,10172600,46.605506
1/4/12,73.899938,74.089938,73.269939,73.819948,7411000,46.385582
1/5/12,73.259941,73.469947,72.629942,73.229942,10276100,46.014845
1/6/12,73.459939,73.499947,72.589945,72.659942,7268300,45.65668
1/9/12,72.759938,73.039942,72.47994,72.939945,10997700,45.832623
1/10/12,73.549938,73.819948,73.099946,73.279947,6925900,46.046267
1/11/12,72.879941,73.029948,71.949948,72.009951,9819200,45.248251
1/12/12,71.44995,71.699949,70.669943,70.759947,14941500,44.462797
1/13/12,70.38994,70.889943,70.049938,70.339949,12567000,44.198887
1/17/12,70.999953,71.25995,70.489942,70.799944,8332200,44.48793
1/18/12,70.889943,71.729948,70.49995,71.49994,9496100,44.92778
1/19/12,71.71994,71.789952,70.809953,71.269943,10689300,44.783259
1/20/12,71.029952,71.199946,70.419945,71.199946,10097100,44.739275
1/23/12,70.779953,71.039945,70.399953,70.559949,12179100,44.337126
1/24/12,70.139941,70.929941,70.019953,70.609945,10897300,44.368541
1/25/12,71.509949,71.619943,69.009954,69.979941,22200800,43.972671
1/26/12,70.479943,70.489942,69.35995,69.529944,13117500,43.689911
1/27/12,69.079952,69.759941,68.78995,69.399948,10192600,43.608226
1/30/12,68.909943,69.059945,68.249955,68.719943,15003800,43.180938
1/31/12,69.009954,69.16995,67.999951,68.209942,28422400,42.860473
2/1/12,68.899945,69.649946,68.539951,69.319942,13598800,43.557954
2/2/12,69.209948,70.069944,69.199954,69.909944,11579400,43.928688
2/3/12,70.599946,70.65995,70.069944,70.459937,13078900,44.274282
2/6/12,70.239953,71.359946,70.199945,71.319949,8888600,44.81468
2/7/12,71.479949,72.129939,71.269943,71.919948,10817000,45.191696
2/8/12,72.28994,72.429944,71.71994,72.249942,7713300,45.399052
2/9/12,72.239949,72.499941,71.239943,71.549946,31544600,44.959202
2/10/12,71.679942,72.469942,71.44995,72.249942,46148600,45.399052
2/13/12,72.689941,72.909946,71.979952,72.809944,41798100,45.750935
2/14/12,72.619944,73.909946,72.609951,73.599943,10558200,46.24734
2/15/12,73.99995,73.99995,73.109939,73.449941,11559600,46.153085
2/16/12,72.919939,72.949938,72.139947,72.779945,11008000,46.146746
2/17/12,73.149946,73.519938,72.959951,73.359938,10545600,46.514496
2/21/12,73.939946,74.129946,73.61995,73.829941,12840200,46.812505
2/22/12,74.029939,74.489944,73.909946,74.129946,8688500,47.002726
2/23/12,74.369941,74.99994,74.199943,74.80994,9835200,47.433882
2/24/12,75.079946,76.249945,74.99994,75.94994,14767700,48.156709
2/27/12,75.889936,76.839936,75.699936,76.429937,10564600,48.461055
2/28/12,76.759941,77.429937,76.399947,77.269942,14028900,48.993667
2/29/12,77.329941,77.719934,76.059945,76.54994,15948400,48.537144
3/1/12,77.109941,78.239943,77.009945,78.219937,12182300,49.59602
3/2/12,77.919947,78.189937,77.399938,77.649937,9302600,49.234606
3/5/12,77.249936,77.719934,76.779947,77.559938,9240900,49.177542
3/6/12,76.299936,76.709935,75.929949,76.449938,11580800,48.473737
3/7/12,76.449938,77.499934,76.289943,77.019938,9301500,48.83515
3/8/12,77.459942,77.649937,77.139941,77.219936,8055800,48.961961
3/9/12,77.229944,77.999937,77.079942,77.159947,11161500,48.923924
3/12/12,77.16994,77.799944,76.97994,77.309934,9714900,49.019025
3/13/12,77.679941,77.809937,77.039944,77.759947,11394600,49.304359
3/14/12,77.789946,78.109947,77.279935,77.509943,10688700,49.145842
3/15/12,77.489941,77.699943,76.129942,76.629945,12184000,48.587872
3/16/12,76.899935,77.489941,76.78994,77.179938,19925400,48.9366
3/19/12,77.229944,78.289934,77.019938,78.069934,7828500,49.500909
3/20/12,77.509943,77.989944,77.109941,77.569947,9302100,49.183888
3/21/12,77.76994,77.809937,76.97994,77.289943,10526200,49.006349
3/22/12,76.859937,76.999937,75.719943,75.889936,12144000,48.118663
3/23/12,76.009939,76.879944,75.549949,76.509942,10680300,48.511783
3/26/12,77.079942,77.439936,76.92994,77.35994,7875800,49.050732
3/27/12,77.479943,77.499934,76.799939,76.839936,8212700,48.721019
3/28/12,76.619937,76.78994,75.509936,75.97994,9905200,48.17573
3/29/12,75.199948,75.849939,74.439939,75.799948,10084900,48.061605
3/30/12,76.159941,76.569941,75.839945,76.009939,9034800,48.194752
4/2/12,75.989948,77.309934,75.879943,76.869936,7962300,48.74004
4/3/12,76.659944,76.749948,75.679945,76.309944,8912300,48.384972
4/4/12,75.729936,76.749948,75.399942,76.179948,9762300,48.302547
4/5/12,76.059945,76.349941,75.249939,75.359949,8342200,47.78262
4/9/12,74.659938,75.489945,74.599949,75.049946,8865700,47.58606
4/10/12,74.94995,75.249939,73.439948,73.689947,12813000,46.723741
4/11/12,74.389943,74.779941,73.419942,73.549938,12058500,46.634967
4/12/12,73.47994,74.739943,73.47994,74.529937,11161800,47.256344
4/13/12,74.169943,74.64994,73.629948,73.629948,9080600,46.685698
4/16/12,73.80995,74.519944,73.61995,73.829941,16771200,46.812505
4/17/12,74.399941,74.679939,74.219934,74.259947,7822600,47.085154
4/18/12,73.319945,73.829941,73.169943,73.289941,9701700,46.470113
4/19/12,73.189944,73.389942,72.299948,72.889939,9462300,46.216489
4/20/12,73.109939,73.539944,72.66994,72.879941,9299100,46.21015
4/23/12,71.739946,72.719946,71.369939,72.329947,10106900,45.861422
4/24/12,72.139947,72.429944,71.819951,71.87994,11502900,45.576091
4/25/12,72.219943,72.219943,70.529949,71.019944,13373900,45.030803
4/26/12,71.06995,72.359947,70.919947,72.189943,10519300,45.772651
4/27/12,72.369945,72.499941,71.52994,71.979952,7357500,45.639504
4/30/12,71.949948,72.299948,71.399944,71.629951,9670200,45.417583
5/1/12,55.919998,56.740002,55.459999,56.509998,15247300,47.002321
5/2/12,55.830002,55.830002,54.43,54.59,14678600,45.405358
5/3/12,54.669998,54.959999,53.810001,54.259998,12943300,45.130878
5/4/12,53.799999,54,52.959999,53.169998,12443400,44.224268
5/7/12,52.240002,53.43,52.130001,53.349998,12194300,44.373984
5/8/12,52.84,54.490002,52.73,54.310001,14149700,45.172469
5/9/12,53.68,53.93,52.68,53.470001,10859400,44.473797
5/10/12,54.09,54.599998,53.82,54.220001,30869700,45.097611
5/11/12,54.009998,54.5,53.43,53.5,31293500,44.498748
5/14/12,52.66,53.169998,52.509998,52.93,31388900,44.02465
5/15/12,53,53.119999,52.41,52.529999,8085600,43.691947
5/16/12,52.75,53.110001,52.32,52.32,10259300,43.51728
5/17/12,51.799999,52.080002,51.169998,51.189999,8634200,43.12136
5/18/12,51.330002,51.610001,50.66,50.82,13088300,42.809681
5/21/12,50.82,51.880001,50.799999,51.77,9445000,43.609941
5/22/12,51.990002,52.450001,51.360001,51.669998,8906600,43.525702
5/23/12,51.299999,52.119999,50.970001,52.09,8513800,43.879502
5/24/12,52.360001,52.389999,51.57,52.139999,7334200,43.921621
5/25/12,52.220001,52.439999,51.970001,52.110001,5785400,43.89635
5/29/12,52.91,53.5,52.709999,53.27,10987600,44.873509
5/30/12,52.689999,52.759998,51.91,52.040001,9675800,43.837384
5/31/12,52.189999,52.639999,51.34,52.16,12155900,43.938468
6/1/12,51.400002,51.639999,50.889999,51.189999,16184000,43.12136
6/4/12,51.400002,51.52,50.619999,51.299999,9257700,43.214022
6/5/12,51.779999,52,51.349998,51.869999,9662800,43.694178
6/6/12,52.400002,53.580002,52.400002,53.580002,15104200,45.134648
6/7/12,54.240002,54.59,53.75,53.810001,14205400,45.328395
6/8/12,53.77,54.279999,53.57,53.970001,8630900,45.463175
6/11/12,54.509998,54.77,53.799999,53.880001,9279500,45.387361
6/12/12,54.27,54.75,53.939999,54.709999,7442100,46.086533
6/13/12,54.630001,54.84,53.84,54.099998,9045900,45.572682
6/14/12,54.029999,54.889999,53.790001,54.68,9699500,46.061263
6/15/12,54.759998,55.459999,54.709999,55.459999,12542400,46.718317
6/18/12,55.029999,55.240002,54.540001,55.07,8850100,46.38979
6/19/12,55.5,56,55.299999,55.639999,9477800,46.869946
6/20/12,55.34,55.549999,53.990002,54.439999,11757400,45.859091
6/21/12,54.330002,54.48,52.68,52.759998,12560600,44.443894
6/22/12,53.189999,53.700001,52.75,53.41,12575700,44.991442
6/25/12,52.82,53.049999,52.290001,52.959999,6980100,44.612371
6/26/12,53.349998,53.889999,53,53.639999,7548900,45.185188
6/27/12,53.889999,54.599998,53.740002,54.450001,9130600,45.867516
6/28/12,54.07,54.610001,53.66,54.529999,8444900,45.934905
6/29/12,55.68,55.880001,55.25,55.880001,8550500,47.072118
7/2/12,55.970001,56.099998,55.189999,55.73,6163100,46.94576
7/3/12,56.009998,56.470001,55.82,56.41,5784200,47.518578
7/5/12,56.23,56.310001,55.189999,55.279999,19880900,46.566689
7/6/12,54.77,54.91,54.25,54.75,16980400,46.120229
7/9/12,54.669998,54.75,54.049999,54.330002,13532900,45.766432
7/10/12,54.610001,54.75,53.23,53.48,7696800,45.050408
7/11/12,53.5,54.650002,53.389999,54.360001,11461300,45.791702
7/12/12,53.849998,54.25,53.5,53.98,6494800,45.471597
7/13/12,54.240002,55.049999,54.110001,54.98,5514900,46.313976
7/16/12,54.91,55.619999,54.599998,55.459999,6008900,46.718317
7/17/12,55.77,56.360001,55.080002,56.279999,6910500,47.409067
7/18/12,56.209999,56.889999,56.02,56.77,6103700,47.821834
7/19/12,56.419998,56.560001,55.950001,56.369999,7473200,48.04343
7/20/12,56.07,56.07,55.509998,55.990002,7843500,47.719564
7/23/12,54.82,55.189999,54.349998,55.049999,7692500,46.918412
7/24/12,55.040001,55.130001,53.830002,54.639999,6951600,46.568974
7/25/12,54.259998,54.599998,52.84,53.240002,12716800,45.375774
7/26/12,54.029999,54.529999,53.32,54.400002,10981800,46.364427
7/27/12,54.869999,55.16,54.48,54.970001,13707500,46.85023
7/30/12,54.939999,55.16,54.560001,54.860001,5810000,46.756478
7/31/12,54.849998,55.099998,54.16,54.439999,8958000,46.398516
8/1/12,54.639999,55.419998,54.279999,55.220001,7613900,47.063302
8/2/12,54.619999,55.209999,54.189999,54.650002,8003900,46.577499
8/3/12,55.560001,55.990002,55.41,55.709999,6640700,47.480921
8/6/12,55.93,56.389999,55.799999,55.889999,5922800,47.634333
8/7/12,56.34,56.700001,56.240002,56.450001,7858300,48.111615
8/8/12,56.029999,57.349998,56.029999,57.169998,10027100,48.72526
8/9/12,57.169998,57.369999,56.849998,57.09,5093100,48.657078
8/10/12,56.799999,57.32,56.580002,57.279999,4700600,48.819012
8/13/12,57.459999,57.650002,57.040001,57.310001,5692900,48.844582
8/14/12,57.669998,57.759998,57.209999,57.349998,4445100,48.878672
8/15/12,57.360001,57.5,57.07,57.240002,4052100,48.784923
8/16/12,57.290001,57.68,57.220001,57.549999,5065300,49.04913
8/17/12,57.740002,57.77,57.25,57.389999,5182300,48.912764
8/20/12,57.34,57.369999,56.869999,57.029999,7862600,48.60594
8/21/12,57.110001,57.299999,56.57,56.630001,6032000,48.265027
8/22/12,56.490002,56.779999,56.200001,56.68,4454500,48.307641
8/23/12,56.650002,56.650002,56.060001,56.16,4637000,47.864451
8/24/12,56.07,56.450001,55.779999,56.360001,3931300,48.034909
8/27/12,56.419998,56.77,56.330002,56.380001,3412500,48.051955
8/28/12,56.439999,56.630001,56.27,56.459999,4057800,48.120136
8/29/12,56.380001,56.560001,56.16,56.349998,6401500,48.026384
8/30/12,56.130001,56.34,55.970001,56.110001,4001000,47.821837
8/31/12,56.57,57.130001,56.540001,56.790001,11848700,48.401393
9/4/12,56.959999,57,56,56.209999,5698700,47.907065
9/5/12,56.16,56.18,54.830002,54.869999,8608700,46.765
9/6/12,55.27,56.18,55.27,55.790001,6560600,47.549106
9/7/12,56.029999,56.68,56,56.639999,5837500,48.273548
9/10/12,56.669998,56.68,56.150002,56.18,4696400,47.881497
9/11/12,56.419998,56.799999,56.349998,56.369999,5112500,48.04343
9/12/12,56.73,56.779999,56.360001,56.540001,4807300,48.188321
9/13/12,56.669998,57.970001,56.099998,57.650002,7735800,49.13436
9/14/12,57.889999,58.900002,57.889999,58.209999,8576300,49.611639
9/17/12,58.099998,58.75,58.02,58.299999,11627300,49.688345
9/18/12,58.360001,58.389999,57.599998,57.82,5837400,49.279248
9/19/12,57.709999,57.880001,57.259998,57.310001,5166100,48.844582
9/20/12,57.110001,57.759998,56.77,57.59,6137000,49.083222
9/21/12,57.759998,57.849998,57.130001,57.360001,12777500,48.887196
9/24/12,57.099998,58.060001,57.049999,57.959999,7289900,49.398567
9/25/12,58.060001,58.080002,57.349998,57.41,7457600,48.92981
9/26/12,57.32,57.470001,56.880001,57.009998,6459100,48.588894
9/27/12,57.299999,57.459999,57.02,57.389999,4240200,48.912764
9/28/12,57.169998,57.32,56.830002,57.18,5013500,48.733784
10/1/12,57.48,57.849998,57.25,57.41,4817600,48.92981
10/2/12,57.700001,57.810001,57.040001,57.369999,5187800,48.895718
10/3/12,57.32,57.389999,56.59,56.77,6840200,48.384347
10/4/12,57.119999,57.450001,56.810001,57.400002,4432200,48.921288
10/5/12,57.610001,58.029999,57.41,57.580002,4362700,49.0747
10/8/12,57.369999,57.689999,57.27,57.619999,2463200,49.108789
10/9/12,57.709999,58.23,57.619999,57.799999,4924800,49.262201
10/10/12,57.700001,57.830002,57.130001,57.240002,6493600,48.784923
10/11/12,57.080002,57.080002,56.630001,56.630001,5972900,48.828032
10/12/12,56.799999,56.889999,55.900002,56.169998,5854900,48.431404
10/15/12,56.169998,56.889999,55.889999,56.790001,4697500,48.965988
10/16/12,57.150002,57.799999,56.959999,57.619999,5490300,49.681637
10/17/12,57.470001,58.279999,57.360001,58.119999,4687000,50.112751
10/18/12,58.25,58.52,58.099998,58.27,4853400,50.242087
10/19/12,58.200001,58.349998,57.330002,57.450001,5982800,49.53506
10/22/12,57.52,57.540001,56.43,57.040001,5891200,49.181546
10/23/12,56.259998,56.330002,55.700001,56.060001,6852800,48.336562
10/24/12,56.080002,56.43,55.810001,55.950001,6605000,48.241716
10/25/12,56.709999,57.529999,56.650002,57.16,9705100,49.285012
10/26/12,57.009998,57.57,57,57.310001,6012900,49.414348
10/31/12,57.610001,57.919998,57.5,57.849998,6167800,49.879949
11/1/12,58,58.5,57.919998,58.419998,6731500,50.371419
11/2/12,58.610001,58.799999,57.560001,57.650002,11408200,49.707506
11/5/12,57.490002,57.82,57.279999,57.529999,4805200,49.604036
11/6/12,57.540001,58.41,57.470001,58.220001,7424500,50.198976
11/7/12,57.43,57.549999,56.57,56.77,7946200,48.948744
11/8/12,56.73,56.990002,55.849998,55.860001,6084800,48.164115
11/9/12,55.68,56.259998,55.610001,55.669998,5695900,48.00029
11/12/12,55.830002,56.049999,55.439999,55.639999,3989300,47.974424
11/13/12,55.310001,56,55.25,55.349998,4463300,47.724377
11/14/12,55.369999,55.700001,54.66,54.77,6435000,47.224285
11/15/12,54.650002,55.139999,54.119999,54.59,7598900,47.069084
11/16/12,54.57,55.139999,53.950001,55.029999,8942400,47.448464
11/19/12,55.689999,56.009998,55.43,55.73,5675300,48.052025
11/20/12,55.630001,55.689999,55.16,55.630001,4432200,47.965803
11/21/12,55.82,56.060001,55.529999,56.049999,3325700,48.327938
11/23/12,56.310001,56.700001,56.09,56.669998,2057300,48.862519
11/26/12,56.23,56.799999,56.009998,56.799999,5478400,48.974609
11/27/12,56.669998,57.009998,56.139999,56.18,7198000,48.440028
11/28/12,55.939999,57.07,55.779999,57.060001,7168100,49.198791
11/29/12,57.310001,57.380001,56.869999,56.98,4398400,49.129811
11/30/12,57.130001,57.200001,56.75,56.939999,7627100,49.095321
12/3/12,57.330002,57.400002,56.869999,57.169998,7163100,49.293633
12/4/12,57.07,57.200001,56.57,56.84,5416200,49.009099
12/5/12,56.84,57.610001,56.650002,57.18,6072900,49.302257
12/6/12,57.18,57.509998,56.919998,57.349998,6688700,49.448835
12/7/12,57.490002,57.939999,57.400002,57.939999,5342100,49.95755
12/10/12,57.59,58.080002,57.59,57.880001,5328400,49.905818
12/11/12,58.009998,58.380001,57.849998,58.119999,4806400,50.112751
12/12/12,58.360001,58.75,58.09,58.200001,5480200,50.181731
12/13/12,58.099998,58.130001,57.529999,57.880001,6066100,49.905818
12/14/12,57.59,57.91,57.549999,57.689999,3858000,49.741993
12/17/12,57.98,58.66,57.669998,58.279999,5484600,50.250708
12/18/12,58.220001,59.34,58.18,59.299999,7308900,51.130182
12/19/12,59.34,59.650002,59.200001,59.200001,6877500,51.04396
12/20/12,59.299999,59.5,58.529999,59.279999,7144500,51.112937
12/21/12,58.540001,59.029999,58.209999,58.610001,15284900,50.535245
12/24/12,58.560001,58.689999,58.330002,58.439999,2121500,50.388664
12/26/12,58.619999,58.669998,57.880001,57.950001,4761600,49.966174
12/27/12,58,58.189999,57.200001,57.900002,5110800,49.923063
12/28/12,57.630001,57.700001,57.009998,57.07,4861000,49.207412
12/31/12,56.98,58.02,56.84,57.990002,6877700,50.000664
1/2/13,59.150002,59.23,58.509998,59.209999,6263400,51.052581
1/3/13,59.139999,59.470001,58.869999,59.169998,4377500,51.018091
1/4/13,59.290001,59.900002,59.25,59.830002,4827700,51.587166
1/7/13,59.630001,59.709999,59.040001,59.169998,5489500,51.018091
1/8/13,58.990002,59.09,58.25,58.369999,6137700,50.328309
1/9/13,58.59,58.669998,58.169998,58.25,4156300,50.224842
1/10/13,58.529999,58.630001,58.119999,58.5,5433800,50.440399
1/11/13,58.330002,58.360001,58.029999,58.27,3964700,50.242087
1/14/13,58.200001,58.549999,58.189999,58.470001,4219900,50.414534
1/15/13,58.400002,59.080002,58.279999,59.029999,6180400,50.89738
1/16/13,58.939999,59.139999,58.73,58.880001,5598100,50.768047
1/17/13,59.110001,59.32,58.650002,59.139999,5299700,50.992225
1/18/13,59.060001,59.360001,58.970001,59.27,5309500,51.104316
1/22/13,59.299999,59.98,59.169998,59.98,4712600,51.716498
1/23/13,59.84,59.919998,59.43,59.549999,4493400,51.345739
1/24/13,59.669998,60.580002,59.52,60.41,7088600,52.087257
1/25/13,60.470001,61.099998,60.34,61.060001,5500100,52.647707
1/28/13,60.880001,60.939999,60.18,60.75,4889300,52.380415
1/29/13,61,61.759998,60.939999,61.66,7362200,53.165043
1/30/13,61.669998,62.049999,60.919998,61.09,6792500,52.673573
1/31/13,59.200001,59.459999,57.810001,58,16914000,50.009285
2/1/13,58.470001,58.84,58.02,58.82,11468700,50.716312
2/4/13,58.470001,58.48,58,58.029999,7313100,50.035151
2/5/13,58.439999,58.529999,57.630001,57.720001,7783100,49.767862
2/6/13,57.5,57.700001,57.049999,57.59,6874600,49.655771
2/7/13,57.669998,57.84,57.360001,57.630001,5705900,49.690261
2/8/13,57.82,57.869999,57.580002,57.869999,17871800,49.897194
2/11/13,57.939999,57.939999,57.529999,57.59,19329700,49.655771
2/12/13,57.84,58.259998,57.599998,58.25,21826800,50.224842
2/13/13,58.349998,58.619999,58,58.610001,6789300,50.535245
2/14/13,57.799999,58.009998,57.619999,57.919998,5764400,50.509082
2/15/13,57.900002,58.009998,56.779999,57.02,9695600,49.72424
2/19/13,57.639999,58.610001,57.52,58.599998,8119800,51.102076
2/20/13,58.599998,58.610001,57.639999,57.669998,5925400,50.29107
2/21/13,57.560001,58.16,57.09,58.110001,7297900,50.674773
2/22/13,58.299999,58.330002,57.650002,58.200001,4386600,50.753258
2/25/13,58.470001,58.549999,56.830002,56.889999,8408400,49.610872
2/26/13,57.299999,57.919998,56.950001,57.75,7763500,50.360835
2/27/13,57.560001,58.18,57.41,58.040001,6116300,50.61373
2/28/13,57.900002,58.299999,57.849998,57.950001,7527700,50.535246
3/1/13,57.93,58.279999,57.650002,58.279999,6730000,50.82302
3/4/13,58.139999,58.189999,57.25,57.619999,5845200,50.247468
3/5/13,57.939999,58.009998,57.360001,57.66,7151000,50.282351
3/6/13,57.93,58.040001,57.439999,58,6691100,50.578847
3/7/13,58,58.139999,57.849998,57.860001,5329000,50.456761
3/8/13,57.970001,58.490002,57.830002,58.389999,4797900,50.918946
3/11/13,58.41,58.599998,58.080002,58.439999,4726000,50.962548
3/12/13,58.560001,58.919998,58.450001,58.73,4664700,51.215443
3/13/13,58.759998,58.939999,58.560001,58.779999,4485100,51.259045
3/14/13,59,59.560001,58.869999,59.52,5129700,51.904362
3/15/13,59.099998,59.389999,58.810001,59.07,10303400,51.51194
3/18/13,58.669998,59.650002,58.549999,59.150002,5002900,51.581705
3/19/13,59.209999,59.48,58.709999,59.310001,6748900,51.721233
3/20/13,60,60.540001,59.630001,60.439999,8178800,52.706646
3/21/13,60.169998,61.029999,60.009998,60.939999,8993500,53.142671
3/22/13,61.110001,61.110001,60.68,60.91,6440800,53.11651
3/25/13,61,61.189999,60.060001,60.209999,5776900,52.506075
3/26/13,60.5,60.619999,60.080002,60.439999,4516300,52.706646
3/27/13,60.200001,60.709999,60.029999,60.380001,4103200,52.654325
3/28/13,60.400002,60.59,60.060001,60.099998,5293000,52.410149
4/1/13,60.200001,60.700001,60.02,60.48,4118900,52.741529
4/2/13,60.580002,60.650002,59.849998,60.040001,4769900,52.357828
4/3/13,60.139999,60.349998,59.130001,59.279999,5535500,51.695069
4/4/13,59.220001,59.41,58.700001,58.880001,4965200,51.346252
4/5/13,58.380001,58.689999,58.060001,58.540001,6736500,51.049755
4/8/13,58.599998,59.34,58.509998,59.310001,4744100,51.721233
4/9/13,59.509998,60.060001,59,59.779999,4618100,52.131094
4/10/13,59.98,60.599998,59.889999,60.25,5449400,52.540958
4/11/13,60.400002,60.630001,59.830002,60.16,6837200,52.462473
4/12/13,59.630001,59.860001,59.080002,59.360001,5148200,51.764835
4/15/13,58.720001,58.720001,57.200001,57.240002,9785400,49.916092
4/16/13,58.009998,58.009998,56.880001,57.439999,9318800,50.090499
4/17/13,57.169998,57.200001,56.380001,56.810001,7038700,49.54111
4/18/13,56.959999,57.57,56.470001,57.32,6182100,49.985854
4/19/13,57.639999,57.990002,57.040001,57.490002,6411900,50.134104
4/22/13,57.580002,57.790001,56.919998,57.389999,5465400,50.046897
4/23/13,57.610001,57.799999,57,57.779999,7522300,50.386996
4/24/13,57.889999,58.549999,57.889999,58.259998,7812100,50.805579
4/25/13,58.369999,58.77,57.720001,58.369999,6285700,50.901505
4/26/13,58.419998,59,58.360001,58.91,6303600,51.372412
4/29/13,59.290001,60.049999,59.02,59.900002,5645200,52.235742
4/30/13,59.84,60.450001,59.509998,60.450001,6207700,52.715368
5/1/13,60.150002,60.720001,59.900002,60.009998,7150200,52.331665
5/2/13,60.099998,61.23,59.950001,60.959999,8343100,53.160112
5/3/13,61.41,61.970001,61.25,61.919998,6456400,53.997278
5/6/13,61.959999,62.419998,61.709999,62.220001,5802500,54.258896
5/7/13,62.380001,62.990002,62.259998,62.84,5933700,54.799565
5/8/13,62.799999,62.939999,62.330002,62.59,6497100,54.581553
5/9/13,62.560001,62.889999,62.330002,62.580002,11026300,54.572834
5/10/13,62.439999,62.580002,61.82,62.23,12466000,54.267615
5/13/13,62.110001,62.330002,61.75,62,12518500,54.067044
5/14/13,62.02,63.139999,61.84,63.060001,6927600,54.991417
5/15/13,62.84,62.84,61.860001,62.419998,8092100,54.433303
5/16/13,62.369999,62.869999,62.240002,62.43,5214000,54.442025
5/17/13,62.389999,63.310001,62.369999,63.310001,7076800,55.209429
5/20/13,63.299999,64.459999,63.25,64.029999,6215900,55.837302
5/21/13,64.25,64.769997,63.799999,64.309998,6543700,56.081475
5/22/13,63.540001,63.970001,62.57,62.740002,9364600,55.279684
5/23/13,62.029999,62.93,61.900002,62.790001,5274700,55.323738
5/24/13,62.540001,62.619999,62.18,62.529999,4623700,55.094653
5/28/13,63.240002,63.610001,62.720001,62.84,5906600,55.367792
5/29/13,62.490002,63.009998,62.200001,62.779999,6431700,55.314925
5/30/13,62.580002,62.610001,62.049999,62.279999,5658200,54.87438
5/31/13,62.119999,62.650002,61.34,61.34,8032400,54.046155
6/3/13,61.580002,62.099998,61.279999,62.09,6813400,54.706974
6/4/13,61.889999,62.080002,61.32,61.68,5171300,54.345726
6/5/13,61.959999,62.110001,61.439999,61.619999,7571900,54.292859
6/6/13,61.509998,61.919998,60.959999,61.91,6616200,54.548377
6/7/13,62.169998,62.380001,61.759998,62.32,5081700,54.909624
6/10/13,62.360001,62.439999,61.950001,62.200001,4148100,54.803894
6/11/13,61.720001,62.18,61.360001,61.91,4698000,54.548377
6/12/13,62.27,62.27,60.790001,60.880001,5031600,53.640854
6/13/13,60.669998,61.720001,60.380001,61.650002,5346900,54.319294
6/14/13,61.669998,61.709999,60.869999,61.029999,3327800,53.773015
6/17/13,61.450001,62.049999,61.439999,61.939999,3664000,54.574808
6/18/13,61.939999,62.23,61.75,62.099998,3437300,54.715783
6/19/13,62.150002,62.57,61.709999,61.709999,5932600,54.372158
6/20/13,61.130001,61.209999,60.119999,60.279999,7998200,53.112197
6/21/13,60.77,60.799999,59.549999,60.360001,8780900,53.182686
6/24/13,59.779999,59.900002,58.709999,59.349998,7389700,52.292781
6/25/13,59.810001,60.02,59.369999,59.830002,6078400,52.715708
6/26/13,60.369999,60.450001,59.759998,60.330002,4009600,53.156254
6/27/13,60.619999,61.099998,60.310001,60.34,3704500,53.165063
6/28/13,60.299999,60.77,60.040001,60.5,6160900,53.306038
7/1/13,60.73,61.630001,60.73,61.23,5100100,53.949234
7/2/13,61.209999,62.189999,61.049999,61.790001,6708000,54.442647
7/3/13,61.470001,62.009998,61.060001,61.84,3780700,54.486701
7/5/13,62.110001,62.419998,61.52,62.310001,4281700,54.900815
7/8/13,62.509998,63.209999,62.310001,63.040001,5872800,55.544011
7/9/13,63.310001,63.68,63.209999,63.5,4831500,55.949312
7/10/13,63.619999,63.880001,63.310001,63.529999,4849600,55.975744
7/11/13,64.110001,64.440002,63.880001,64.32,6187500,56.671807
7/12/13,64.260002,64.849998,64.25,64.839996,16577100,57.129972
7/15/13,64.790001,65.32,64.669998,65.260002,15601600,57.500035
7/16/13,65.239998,65.400002,64.709999,64.949997,16526800,57.226893
7/17/13,65.239998,65.639999,65.129997,65.559998,4853300,57.764359
7/18/13,65.370003,65.779999,65.150002,65.300003,5061400,58.147264
7/19/13,65.589996,66,65.279999,66,6958100,58.770585
7/22/13,66.080002,66.169998,65.720001,65.830002,3984000,58.619208
7/23/13,65.970001,66.239998,65.919998,66.120003,4089800,58.877443
7/24/13,66.25,66.25,65.129997,65.589996,5025400,58.405492
7/25/13,65.410004,65.93,65.300003,65.709999,4094800,58.51235
7/26/13,65.410004,65.730003,65.330002,65.720001,3118000,58.521257
7/29/13,65.540001,65.580002,64.900002,65.18,4255200,58.040405
7/30/13,65.449997,65.459999,64.510002,64.830002,5285100,57.728745
7/31/13,64.919998,65.639999,64.860001,64.860001,5529900,57.755457
8/1/13,65.720001,66.290001,65.519997,66.089996,7272900,58.850724
8/2/13,65.959999,67.230003,65.790001,67.230003,7520800,59.865858
8/5/13,67,67.419998,66.57,67.190002,4002600,59.830239
8/6/13,67.120003,67.470001,66.629997,67.089996,6248000,59.741187
8/7/13,66.93,66.970001,66.279999,66.519997,4168400,59.233623
8/8/13,67.040001,67.290001,66.370003,67.089996,4646200,59.741187
8/9/13,67.010002,67.019997,66.169998,66.830002,3668600,59.509671
8/12/13,66.32,66.519997,66.059998,66.099998,4489200,58.85963
8/13/13,66.43,67.300003,66.300003,66.900002,4963300,59.572004
8/14/13,67.150002,67.5,66.720001,67.160004,6488600,59.803526
8/15/13,66.760002,67.699997,66.620003,67.620003,6475900,60.213138
8/16/13,67.370003,67.910004,66.970001,67.379997,6536000,59.999422
8/19/13,67.410004,67.410004,65.790001,65.830002,6449400,58.619208
8/20/13,65.82,66.400002,65.559998,65.980003,5589600,58.752779
8/21/13,65.970001,66.019997,65.290001,65.519997,4414200,58.34316
8/22/13,65.580002,66.43,65.449997,66.150002,4100800,58.904156
8/23/13,66.260002,66.650002,66.040001,66.550003,4396400,59.260343
8/26/13,66.589996,66.940002,66.209999,66.309998,3214400,59.046627
8/27/13,65.949997,66.559998,65.940002,66.019997,5352100,58.788391
8/28/13,66.18,67.330002,66.18,66.769997,6656000,59.456239
8/29/13,66.510002,66.550003,65.980003,66.160004,4382800,58.913063
8/30/13,66.279999,66.540001,66.120003,66.300003,4963300,59.037727
9/3/13,66.959999,66.989998,66.510002,66.790001,5541900,59.474052
9/4/13,66.870003,68.099998,66.709999,67.660004,6529100,60.248758
9/5/13,67.660004,68.110001,67.459999,67.769997,4285000,60.346702
9/6/13,67.879997,68.769997,67.449997,68.199997,5990100,60.729602
9/9/13,68.25,68.919998,68.050003,68.870003,5166400,61.326218
9/10/13,68.900002,68.970001,68.309998,68.660004,4464700,61.139221
9/11/13,68.730003,69.379997,68.580002,69.160004,3782500,61.584453
9/12/13,69.190002,69.209999,68.720001,68.779999,3616300,61.246072
9/13/13,69.139999,69.419998,68.879997,69.190002,3996100,61.611166
9/16/13,69.769997,69.809998,69.139999,69.339996,4780300,61.74473
9/17/13,69.309998,69.919998,69.260002,69.699997,3737500,62.065297
9/18/13,69.589996,70.940002,69.419998,70.559998,5209400,62.831096
9/19/13,70.599998,70.910004,70.059998,70.839996,4741300,63.080425
9/20/13,70.849998,71.089996,70.269997,71,10130600,63.222902
9/23/13,70.660004,70.730003,69.800003,70.580002,4680500,62.848909
9/24/13,70.629997,71.040001,70.339996,70.400002,5739700,62.688626
9/25/13,70.489998,70.690002,70.029999,70.32,3970000,62.617387
9/26/13,70.339996,70.440002,69.889999,70.230003,3836600,62.537248
9/27/13,70.160004,70.379997,69.919998,70.309998,3423000,62.60848
9/30/13,69.690002,69.919998,69.300003,69.510002,4802100,61.896114
10/1/13,69.459999,70.449997,69.32,70.040001,4141300,62.368058
10/2/13,70.019997,70.57,69.75,70.360001,5022400,62.653006
10/3/13,70.190002,70.32,69.57,70.169998,6550800,62.483816
10/4/13,70.18,70.989998,70.029999,70.970001,4996700,63.196189
10/7/13,70.400002,71.18,70.150002,70.879997,4621600,63.116044
10/8/13,70.769997,71.129997,70.150002,70.169998,5142800,62.483816
10/9/13,70.239998,70.389999,69.620003,69.769997,5768400,62.127629
10/10/13,69.800003,71.110001,69.690002,71.080002,4454400,63.92635
10/11/13,70.82,71.849998,70.760002,71.709999,4592100,64.492942
10/14/13,71.300003,72.029999,71.25,71.959999,4223800,64.717782
10/15/13,71.900002,72.25,71.470001,71.889999,6252200,64.654827
10/16/13,72.32,73.089996,72.199997,72.959999,5534800,65.61714
10/17/13,72.68,73.470001,72.540001,73.410004,4494300,66.021855
10/18/13,73.580002,73.589996,72.730003,73.43,5223700,66.039839
10/21/13,73.529999,73.580002,72.900002,73.050003,3407000,65.698085
10/22/13,73.260002,73.529999,72.879997,73.260002,3597300,65.88695
10/23/13,72.919998,72.919998,71.949997,72.389999,4442600,65.104506
10/24/13,72.669998,73.489998,72.440002,73.389999,3707900,66.003864
10/25/13,73.529999,74.099998,73.010002,74.059998,4218700,66.606432
10/28/13,73.910004,74.059998,73.599998,73.889999,3480100,66.453543
10/29/13,74.199997,74.589996,74,74.339996,3389900,66.858251
10/30/13,74.400002,74.480003,72.870003,73.25,5278500,65.877954
10/31/13,73.660004,74.480003,73.279999,73.330002,5556600,65.949904
11/1/13,73.559998,73.559998,72.209999,73.089996,4921000,65.734054
11/4/13,73.370003,73.510002,72.839996,73.330002,3604300,65.949904
11/5/13,73.029999,73.279999,72.5,72.57,4592500,65.266391
11/6/13,73.190002,73.970001,73.110001,73.900002,5644300,66.462538
11/7/13,73.849998,73.93,72.269997,72.510002,5836600,65.212431
11/8/13,72.489998,73.720001,72.370003,73.690002,4819600,66.273674
11/11/13,73.459999,73.830002,73.330002,73.559998,2786700,66.156753
11/12/13,73.25,73.470001,72.610001,72.82,3125000,65.49123
11/13/13,72.739998,73.360001,72.57,73.339996,3463600,65.958893
11/14/13,73.580002,73.800003,73.199997,73.68,3833000,66.264678
11/15/13,73.550003,73.57,72.75,73.300003,5341200,65.922925
11/18/13,73.470001,73.629997,72.199997,72.309998,4718300,65.032556
11/19/13,72.120003,72.690002,71.760002,72.260002,7124200,64.987592
11/20/13,72.489998,72.93,72.089996,72.25,4139300,64.978596
11/21/13,72.470001,73.599998,72.400002,73.339996,3988900,65.958893
11/22/13,73.489998,74.07,73.239998,74.019997,3633800,66.570457
11/25/13,73.760002,73.919998,72.75,72.809998,5294800,65.482235
11/26/13,72.82,73.510002,72.489998,72.93,4089800,65.59016
11/27/13,72.940002,73.400002,72.379997,72.620003,3301300,65.311361
11/29/13,72.639999,73.540001,72.5,72.800003,2434300,65.473246
12/2/13,73.389999,73.489998,72.25,72.57,5696100,65.266391
12/3/13,72.470001,73.139999,72.139999,72.470001,5411900,65.176456
12/4/13,72.339996,72.620003,71.120003,71.410004,5399100,64.223139
12/5/13,71.209999,71.349998,70.120003,70.839996,5040400,63.710499
12/6/13,71.18,71.480003,70.199997,70.769997,5560700,63.647544
12/9/13,70.550003,70.989998,70.199997,70.440002,4952900,63.350761
12/10/13,70.199997,70.629997,69.809998,70.309998,4712300,63.23384
12/11/13,70.309998,70.330002,69.050003,69.110001,5776900,62.154614
12/12/13,69.129997,69.790001,68.910004,69.480003,5714600,62.487379
12/13/13,69.540001,70.160004,69.290001,69.43,4649000,62.442408
12/16/13,69.699997,70.139999,69.519997,69.790001,4167400,62.766177
12/17/13,69.82,69.849998,69.050003,69.059998,4880900,62.109643
12/18/13,69.449997,69.599998,68.230003,69.400002,7959500,62.415428
12/19/13,68.910004,69.379997,68.720001,69.080002,6962200,62.127634
12/20/13,69.110001,70.489998,69.050003,69.879997,8311700,62.847116
12/23/13,70.080002,70.75,69.449997,69.559998,4177400,62.559322
12/24/13,69.629997,69.980003,69.309998,69.93,1625000,62.892087
12/26/13,70,70.440002,69.93,70.190002,2413200,63.125922
12/27/13,70.07,70.589996,70.059998,70.389999,1965600,63.30579
12/30/13,70.470001,70.639999,69.870003,69.910004,3035400,62.874103
12/31/13,69.949997,70.739998,69.75,70.650002,3281300,63.539625
1/2/14,70.269997,70.919998,69.529999,69.779999,4351800,62.757182
1/3/14,70.080002,70.349998,69.830002,69.959999,3095000,62.919066
1/6/14,70.339996,70.809998,70.019997,70.260002,4418300,63.188876
1/7/14,70.25,70.489998,69.959999,70.370003,3659500,63.287806
1/8/14,70.480003,70.480003,69.519997,69.690002,6405300,62.676243
1/9/14,69.809998,69.93,69.129997,69.459999,4078900,62.469388
1/10/14,69.620003,69.779999,68.790001,68.870003,4799400,61.93877
1/13/14,68.68,68.75,67.480003,67.739998,7244000,60.922491
1/14/14,67.830002,68.379997,67.660004,68.32,4783800,61.44412
1/15/14,68.370003,68.699997,67.809998,68.080002,4573700,61.228276
1/16/14,68.050003,68.07,67.089996,67.830002,5356700,61.003437
1/17/14,68.019997,68.290001,67.5,67.510002,4852000,60.715643
1/21/14,68.080002,68.269997,67.709999,68.260002,4711800,61.390161
1/22/14,68.489998,68.790001,68.050003,68.370003,4100700,61.489091
1/23/14,68.050003,68.589996,67.599998,67.849998,4333500,61.021421
1/24/14,67.769997,67.769997,66.400002,66.57,6016100,59.870244
1/27/14,66.279999,66.599998,65.639999,65.860001,5381000,59.231701
1/28/14,65.949997,66.279999,65.730003,66.209999,4338000,59.546475
1/29/14,66.169998,66.209999,65.339996,65.82,5671600,59.195726
1/30/14,66.599998,66.650002,65.32,65.75,5527800,59.132771
1/31/14,65.050003,65.480003,64.349998,64.949997,10717600,58.413282
2/3/14,65.099998,65.389999,63.77,63.860001,7768000,57.432986
2/4/14,64.019997,64.080002,63.450001,63.709999,6543700,57.298081
2/5/14,63.68,63.810001,62.740002,63.459999,6528300,57.073241
2/6/14,63.68,64.400002,63.459999,64.300003,5546800,57.828705
2/7/14,64.790001,65,64.160004,64.970001,5337100,58.431273
2/10/14,64.959999,64.959999,64.129997,64.580002,5854800,58.080524
2/11/14,64.650002,65.699997,64.599998,65.57,5754200,58.970886
2/12/14,66.629997,66.790001,65.089996,65.220001,6962800,58.656113
2/13/14,64.440002,65.110001,64.230003,64.709999,5844700,58.819725
2/14/14,64.660004,65.650002,64.5,65.529999,4596800,59.565084
2/18/14,65.57,65.730003,65.199997,65.370003,4877100,59.419652
2/19/14,65.260002,66,64.989998,65,6144900,59.083329
2/20/14,64.980003,65.199997,64.870003,64.919998,6111800,59.010609
2/21/14,64.989998,65.029999,64.629997,64.68,6576200,58.792457
2/24/14,65,66.790001,64.980003,66.419998,8054500,60.374071
2/25/14,66.300003,66.849998,66.139999,66.519997,5871500,60.464967
2/26/14,66.629997,66.800003,65.830002,66.129997,5159400,60.110467
2/27/14,66,66.25,65.330002,66.25,4988900,60.219547
2/28/14,66.290001,66.879997,65.620003,66.5,6263300,60.44679
3/3/14,66.360001,67.199997,65.980003,66.309998,6218300,60.274083
3/4/14,66.800003,66.889999,66.349998,66.5,4906600,60.44679
3/5/14,66.580002,67,66.25,66.300003,4671500,60.264998
3/6/14,66.599998,66.669998,66.300003,66.389999,3996600,60.346803
3/7/14,66.639999,67,66.309998,66.510002,4938700,60.455882
3/10/14,66.400002,66.940002,66.099998,66.889999,3711400,60.80129
3/11/14,67,67.389999,66.279999,66.529999,4415600,60.474058
3/12/14,66.169998,66.75,66.010002,66.540001,4135300,60.48315
3/13/14,66.779999,66.839996,66.089996,66.32,4531900,60.283175
3/14/14,66.089996,66.709999,66.040001,66.599998,4648300,60.537686
3/17/14,66.739998,67.290001,66.650002,67.290001,4663900,61.164881
3/18/14,67.419998,68.120003,67.349998,68.099998,5658600,61.901148
3/19/14,68.379997,68.410004,67.029999,67.5,4322600,61.355765
3/20/14,67.410004,68,67.110001,67.900002,3968600,61.719356
3/21/14,68.459999,68.480003,67.470001,67.480003,9094200,61.337588
3/24/14,67.68,68.07,67.410004,67.559998,5339900,61.410301
3/25/14,67.940002,68.470001,67.68,68.389999,5986600,62.164751
3/26/14,68.709999,69.190002,68.489998,68.599998,5732100,62.355635
3/27/14,68.610001,69.610001,68.610001,69.290001,6049900,62.982829
3/28/14,69.43,70.400002,69.169998,70.349998,5763100,63.94634
3/31/14,70.760002,70.989998,70.129997,70.349998,5020800,63.94634
4/1/14,70.470001,70.669998,70.129997,70.309998,4957700,63.90998
4/2/14,70.309998,71,70.25,70.889999,5672800,64.437187
4/3/14,70.919998,70.919998,70.18,70.199997,5161000,63.809992
4/4/14,70.830002,71,70.040001,70.220001,5520200,63.828176
4/7/14,70.239998,70.239998,69.330002,69.480003,5528800,63.155537
4/8/14,70.010002,70.230003,69.459999,70.07,5751200,63.691828
4/9/14,70.110001,71.559998,70.07,71.540001,7536400,65.028022
4/10/14,70.730003,70.830002,69.709999,69.709999,7581100,63.364597
4/11/14,70.279999,71.360001,69.980003,70.870003,8390800,64.41901
4/14/14,71.629997,71.629997,70.589996,71.510002,6240700,65.000753
4/15/14,71.470001,73.019997,71.290001,72.940002,7615000,66.300587
4/16/14,73.379997,73.870003,73.190002,73.779999,7284800,67.064122
4/17/14,73.57,74.889999,73.550003,74.769997,7230400,67.964005
4/21/14,74.730003,74.949997,74.199997,74.599998,6328900,67.809481
4/22/14,74.690002,74.690002,73.940002,74.169998,5086300,67.418621
4/23/14,74.160004,74.540001,73.949997,74.019997,5285700,67.282274
4/24/14,74.419998,74.639999,73.949997,74.489998,5250300,67.709493
4/25/14,74.440002,74.5,74.150002,74.400002,4658500,67.627689
4/28/14,74.559998,74.830002,74.080002,74.650002,5190800,67.854932
4/29/14,74.989998,75.339996,74.669998,74.68,5293400,67.8822
4/30/14,75.029999,75.029999,74.169998,74.309998,6853600,67.545877
5/1/14,75.010002,75.330002,74.050003,75.029999,5895900,68.20034
5/2/14,74.879997,76.849998,74.870003,76.519997,9359500,69.55471
5/5/14,76.400002,77.300003,76.220001,76.889999,5842700,69.891033
5/6/14,77.199997,77.300003,76.639999,77.080002,5020100,70.06374
5/7/14,77.620003,78.220001,77.339996,78.110001,7189300,70.999982
5/8/14,77.919998,78.07,76.769997,77.010002,6709900,70.000112
5/9/14,77.099998,77.650002,76.910004,77.639999,5609600,70.572763
5/12/14,78.110001,78.419998,77.790001,78.410004,4979100,71.272677
5/13/14,78.449997,78.82,78.239998,78.639999,5229000,71.481738
5/14/14,78.739998,78.790001,78.349998,78.529999,4463000,71.38175
5/15/14,78.459999,78.68,77.519997,78.110001,7914100,70.999982
5/16/14,78.110001,78.239998,77.449997,78.059998,5868000,70.954531
5/19/14,78.010002,78.57,77.940002,78.43,3341700,71.290854
5/20/14,78.5,78.68,78.110001,78.540001,4353500,71.390842
5/21/14,78.239998,78.660004,78.040001,78.529999,4484300,72.014424
5/22/14,78.400002,78.75,78.139999,78.459999,3508900,71.950232
5/23/14,78.529999,78.769997,78.300003,78.43,3566300,71.922722
5/27/14,78.459999,79.050003,78.459999,79.040001,4175600,72.482111
5/28/14,79.809998,80.540001,79.510002,79.57,6549900,72.968137
5/29/14,79.489998,79.839996,78.900002,79.550003,4065600,72.949799
5/30/14,79.419998,80.110001,79.209999,79.940002,5991400,73.307441
6/2/14,80.209999,80.550003,79.050003,79.480003,5071900,72.885607
6/3/14,79.470001,79.870003,79.279999,79.82,4551700,73.197394
6/4/14,79.720001,79.989998,79.580002,79.800003,3585400,73.179057
6/5/14,79.809998,80.059998,79.5,80.050003,4144600,73.408314
6/6/14,80.360001,81.18,80.220001,80.839996,5409500,74.132763
6/9/14,80.57,81.129997,80.400002,80.849998,3213400,74.141935
6/10/14,80.830002,81.660004,80.559998,81.629997,6663400,74.857218
6/11/14,81.5,82.099998,81.459999,81.949997,4538300,75.150667
6/12/14,82.150002,83.239998,82.129997,82.860001,6279100,75.985169
6/13/14,82.800003,83.089996,82.050003,83.080002,4374900,76.186917
6/16/14,83.190002,83.830002,82.919998,83.690002,4753500,76.746306
6/17/14,83.18,83.779999,82.639999,83.75,4859500,76.801325
6/18/14,83.57,84.300003,83.18,84.239998,4511900,77.250669
6/19/14,84.269997,84.769997,84.139999,84.769997,4083800,77.736694
6/20/14,85.110001,85.459999,84.779999,85.360001,7426200,78.277746
6/23/14,85.589996,86.43,85.470001,86.099998,5943500,78.956346
6/24/14,86.019997,86.019997,84.790001,84.800003,8087800,77.764211
6/25/14,84.650002,85.730003,84.650002,85.620003,4980600,78.516175
6/26/14,85.589996,85.970001,84.559998,85.959999,4587900,78.827963
6/27/14,85.75,86.059998,85.400002,86,4511900,78.864645
6/30/14,85.809998,85.93,85.220001,85.730003,4045900,78.617049
7/1/14,86.25,86.389999,85.639999,86.110001,3537900,78.965519
7/2/14,85.809998,85.980003,85.309998,85.860001,3513600,78.736261
7/3/14,85.730003,86.400002,85.540001,86.400002,2669800,79.231458
7/7/14,85.839996,86.209999,85.18,86.099998,3925600,78.956346
7/8/14,85.980003,86.650002,85.730003,86.040001,4988900,78.901327
7/9/14,86.07,86.290001,85.709999,85.800003,5722700,78.681241
7/10/14,84.910004,85.93,82.779999,85.669998,8248600,78.562023
7/11/14,85.519997,85.610001,84.440002,84.730003,4875800,77.700019
7/14/14,85.129997,85.900002,84.919998,85.839996,4671900,78.717916
7/15/14,85.629997,85.800003,84.32,84.709999,6041900,77.681674
7/16/14,85.220001,86.760002,85.169998,86.690002,6313600,79.497398
7/17/14,86.019997,86.400002,84.580002,84.68,5087400,78.313627
7/18/14,84.900002,85.209999,84.519997,84.760002,4689200,78.387614
7/21/14,84.879997,85.169998,84.330002,84.529999,4718900,78.174903
7/22/14,84.93,86.110001,84.860001,86.019997,4426100,79.55288
7/23/14,86.120003,86.870003,85.690002,86.760002,4104700,80.237251
7/24/14,86.68,87.089996,86.239998,86.25,5033400,79.765592
7/25/14,86.160004,86.639999,85.779999,85.919998,3047300,79.4604
7/28/14,86,86.110001,85.080002,85.190002,4804400,78.785287
7/29/14,85.010002,85.440002,84.699997,84.709999,4054300,78.341371
7/30/14,85.25,85.889999,84.110001,84.629997,5531800,78.267383
7/31/14,84.220001,84.559998,82.370003,82.5,7106000,76.297523
8/1/14,81.910004,81.93,79.830002,80.699997,9530200,74.632847
8/4/14,80.760002,82.160004,80.300003,81.980003,5609600,75.81662
8/5/14,81.440002,81.589996,79.379997,79.739998,6406400,73.745022
8/6/14,79.650002,81.5,79.5,80.610001,5412400,74.549616
8/7/14,80.830002,80.980003,79.169998,79.589996,4055500,73.606298
8/8/14,79.690002,81.43,79.690002,81.330002,4104900,75.215487
8/11/14,81.730003,81.879997,80.760002,80.800003,3583300,74.725334
8/12/14,80.519997,80.760002,80.089996,80.419998,4046400,74.373899
8/13/14,81.190002,81.419998,80.720001,80.889999,3837600,74.808564
8/14/14,81.120003,81.209999,79.949997,80.169998,4557800,74.142694
8/15/14,80.260002,80.889999,79.809998,80.620003,5433200,74.558866
8/18/14,80.949997,80.949997,78.910004,79.339996,8478100,73.375093
8/19/14,79.650002,80.18,79.400002,79.910004,5417300,73.902246
8/20/14,80.190002,80.599998,79.769997,80.5,4301800,74.447886
8/21/14,80.57,81.07,80.400002,80.980003,3122100,74.891802
8/22/14,80.68,80.910004,79.870003,80.239998,3645600,74.207431
8/25/14,80.330002,80.989998,80.309998,80.800003,3531700,74.725334
8/26/14,80.730003,81,80.529999,80.540001,3335600,74.484879
8/27/14,80.879997,81.470001,80.610001,81.029999,3146400,74.938038
8/28/14,80.889999,81,80.540001,80.660004,2987000,74.59586
8/29/14,80.870003,81.230003,80.660004,81.220001,3409200,75.113756
9/2/14,81.059998,81.099998,79.769997,80.220001,5578000,74.188938
9/3/14,80.980003,81.370003,80.800003,80.900002,5902700,74.817815
9/4/14,81.139999,81.239998,79.449997,79.849998,5772500,73.846752
9/5/14,79.779999,80.489998,79.470001,80.349998,3596500,74.309162
9/8/14,79.940002,80.050003,78.660004,79.029999,6122800,73.088401
9/9/14,79.470001,79.75,78.440002,78.959999,6466800,73.023664
9/10/14,78.760002,79.010002,77.709999,78.989998,6569200,73.051408
9/11/14,78.230003,79.449997,78.019997,79.379997,4310300,73.412087
9/12/14,79.209999,79.220001,78.110001,78.449997,3950800,72.552005
9/15/14,78.239998,79.620003,77.959999,79.400002,3919800,73.430587
9/16/14,79.5,81.279999,79.32,80.75,6172500,74.67909
9/17/14,81,81.089996,80.370003,80.639999,4242500,74.57736
9/18/14,80.839996,80.870003,79.650002,79.970001,4424100,73.957733
9/19/14,80.459999,81,80.309998,80.559998,8054300,74.503373
9/22/14,80.330002,80.330002,79.410004,79.68,5235600,73.689535
9/23/14,79.540001,79.839996,78.860001,78.910004,4344800,72.977428
9/24/14,78.849998,79.080002,77.589996,78.720001,6278900,72.80171
9/25/14,78.699997,78.699997,77.57,77.57,4911400,71.738167
9/26/14,77.599998,78.470001,77.120003,78.120003,5253100,72.24682
9/29/14,77.5,77.949997,76.779999,77.839996,5887100,71.987865
9/30/14,77.32,77.639999,75.919998,76.519997,8400600,70.767105
10/1/14,76.269997,76.519997,74.580002,75,8719600,69.361384
10/2/14,74.57,75.129997,73.370003,74.690002,7414200,69.074693
10/3/14,74.949997,75.169998,74.110001,74.769997,5562700,69.148673
10/6/14,75.260002,75.739998,74.32,74.959999,6384900,69.324391
10/7/14,74.620003,75.339996,73.889999,73.910004,7293900,68.353335
10/8/14,73.68,74.629997,72.660004,74.529999,11995700,68.926718
10/9/14,73.449997,73.57,71.400002,71.440002,10351000,66.722562
10/10/14,71.400002,71.900002,69.910004,70.360001,10320600,65.713876
10/13/14,70.120003,70.620003,68,68.07,8606300,63.575092
10/14/14,68.269997,68.620003,65.910004,66.199997,13016100,61.828573
10/15/14,63.790001,66.349998,63.560001,66.25,16072300,61.875274
10/16/14,64.959999,67.370003,64.889999,66.93,12799200,62.510371
10/17/14,67.93,70.019997,67.5,68.080002,11005600,63.584434
10/20/14,68.18,68.959999,67.330002,68.830002,6742800,64.284909
10/21/14,70.07,70.839996,69.650002,70.589996,9000900,65.928685
10/22/14,71,71.449997,69.379997,69.440002,9845000,64.854629
10/23/14,70.790001,70.919998,69.699997,70,7660700,65.377648
10/24/14,69.989998,70.260002,69.110001,70.07,5421600,65.443025
10/27/14,69.019997,69.169998,68.260002,68.830002,7491000,64.284909
10/28/14,69.080002,70.279999,68.690002,70.220001,5758400,65.583122
10/29/14,71.910004,72.150002,70.209999,70.75,7751900,66.078123
10/30/14,69.370003,71.910004,69.25,71.349998,7172900,66.638501
10/31/14,71.589996,72.239998,70.07,72.150002,9434100,67.385677
11/3/14,72.260002,72.57,70.470001,70.559998,9544400,65.900667
11/4/14,69.199997,69.839996,68.209999,68.769997,10962400,64.228866
11/5/14,69.949997,70.25,68.980003,69.879997,7883400,65.265569
11/6/14,69.720001,71.349998,69.489998,71.32,7761100,66.610483
11/7/14,71.440002,72.309998,71.400002,72.160004,7367200,67.395019
11/10/14,72.82,73.220001,71.459999,71.599998,7301800,66.871993
11/11/14,71.519997,71.949997,71.07,71.75,5921800,67.012089
11/12/14,71.360001,71.879997,71.089996,71.199997,5750100,66.498405
11/13/14,70.779999,71,69.540001,70.349998,7521000,65.704535
11/14/14,70.57,71.459999,70.489998,71.410004,5272700,66.694544
11/17/14,71.029999,71.769997,70.610001,71.419998,5100300,66.703878
11/18/14,71.529999,72.150002,71.07,71.669998,5305700,66.93737
11/19/14,72.360001,72.480003,71.32,72.129997,6372600,67.366994
11/20/14,72.129997,73.25,72.129997,73.209999,5723800,68.375679
11/21/14,74.470001,74.68,73.18,73.639999,8938200,68.777285
11/24/14,73.559998,73.790001,72.660004,73.330002,6117700,68.487758
11/25/14,73.900002,73.910004,71.57,71.730003,8905800,66.993413
11/26/14,71.75,71.75,70.550003,70.830002,7391200,66.152842
11/28/14,67.699997,68.139999,65.650002,66.07,11779100,61.70716
12/1/14,65.93,67.900002,65.400002,67.769997,14028700,63.2949
12/2/14,67.330002,69.580002,67.239998,69.209999,11668600,64.639814
12/3/14,69.660004,71.220001,69.279999,70.800003,11904000,66.124824
12/4/14,70.160004,70.43,68.68,69.309998,10649700,64.733209
12/5/14,69.370003,69.370003,67.470001,67.849998,9822100,63.369619
12/8/14,66.980003,67.129997,64.879997,65.029999,10164200,60.735834
12/9/14,64.349998,66.25,63.369999,64.959999,12127800,60.670456
12/10/14,63.91,64.150002,62.830002,63.540001,9843100,59.344226
12/11/14,63.299999,65.449997,63.299999,63.610001,8175100,59.409603
12/12/14,62.689999,63.790001,62.310001,62.450001,8678400,58.326202
12/15/14,63.279999,63.5,61.5,61.689999,9823200,57.616386
12/16/14,61.439999,64.980003,60.84,63.220001,12951500,59.045357
12/17/14,64.139999,67.669998,64.010002,66.940002,15364100,62.519713
12/18/14,69.220001,69.839996,66.660004,69.75,15948500,65.144156
12/19/14,69.629997,71,68.629997,70.980003,17823400,66.292938
12/22/14,70.080002,70.449997,68.489998,69.519997,9510100,64.929341
12/23/14,70.32,71.370003,69.800003,71.050003,8170900,66.358315
12/24/14,70.540001,70.629997,68.940002,70.129997,3849000,65.499061
12/26/14,70.550003,70.790001,69.519997,69.879997,3335600,65.265569
12/29/14,70.449997,70.68,69.550003,70.110001,5241500,65.480385
12/30/14,69.610001,70.199997,69.269997,69.93,4537900,65.312271
12/31/14,69.339996,69.75,68.699997,69.059998,5923600,64.499717
1/2/15,68.5,69.480003,68.230003,68.919998,5701800,64.368962
1/5/15,67.709999,67.980003,65.43,65.639999,10938900,61.305554
1/6/15,65.290001,66.599998,62.880001,62.93,18054700,58.774506
1/7/15,64.010002,64.230003,62.849998,63.349998,12350500,59.16677
1/8/15,64.849998,65.489998,63.900002,64.93,10348300,60.642439
1/9/15,64.940002,65.339996,64.010002,64.919998,7984100,60.633097
1/12/15,64.150002,64.269997,62.610001,63.07,8317100,58.90526
1/13/15,63.189999,63.830002,61.509998,62.439999,10240900,58.316861
1/14/15,61.82,62.779999,60.849998,62.619999,10005400,58.484975
1/15/15,63.610001,63.869999,61.380001,61.41,9994000,57.354876
1/16/15,61.75,63.48,61.48,63.080002,10031400,58.914602
1/20/15,62.810001,63.279999,61.759998,63.189999,6890500,59.017335
1/21/15,63.889999,64.779999,63.23,64.540001,7979700,60.278192
1/22/15,65.099998,65.580002,64,65.300003,8759500,60.988009
1/23/15,65.349998,65.709999,64.639999,64.650002,6392900,60.380929
1/26/15,64.889999,66,63.889999,65.82,5861100,61.473668
1/27/15,65.290001,66.150002,65.059998,65.540001,5939900,61.212159
1/28/15,65.260002,65.449997,62.5,62.580002,8679300,58.447619
1/29/15,63.18,63.580002,60.639999,62.82,11360100,58.671769
1/30/15,62.23,63.810001,61.150002,62.98,10524300,58.821203
2/2/15,64.470001,65.779999,63.41,65.769997,10075800,61.426967
2/3/15,66.93,67.959999,66.510002,67.739998,15631700,63.266882
2/4/15,66.620003,66.660004,65.239998,65.870003,12243300,61.520369
2/5/15,67.019997,67.589996,66.290001,67.57,8707900,63.108109
2/6/15,68.239998,68.379997,67.18,67.489998,7609800,63.03339
2/9/15,67.970001,68.610001,67.639999,67.849998,8070600,63.369619
2/10/15,67.860001,68.110001,66.5,67.989998,7876600,63.500373
2/11/15,67.230003,68.470001,66.800003,67.879997,8365400,63.397637
2/12/15,68.239998,68.849998,67.620003,68.040001,8642800,64.237905
2/13/15,68.830002,70.110001,68.699997,69.879997,8419200,65.975081
2/17/15,69.150002,69.970001,68.519997,69.470001,7652700,65.587996
2/18/15,68.029999,69.059998,67.610001,67.730003,8932600,63.94523
2/19/15,66.059998,67.849998,65.419998,67.419998,9022600,63.652548
2/20/15,67.190002,67.419998,66.330002,67.379997,8781600,63.614782
2/23/15,66.68,67.540001,66.510002,66.919998,6072800,63.180488
2/24/15,67.470001,67.480003,66.760002,67.089996,4867500,63.340987
2/25/15,67.470001,67.839996,66.959999,67.529999,6151800,63.756402
2/26/15,66.889999,66.889999,65.589996,65.849998,7837000,62.17028
2/27/15,66,66.099998,65.129997,65.199997,6963500,61.556601
3/2/15,65.199997,65.360001,63.830002,64.400002,8059200,60.80131
3/3/15,64.360001,65.269997,64.269997,64.779999,5424700,61.160072
3/4/15,64.790001,64.790001,63.669998,64.25,5487100,60.65969
3/5/15,64.010002,64.080002,63.330002,63.330002,5987600,59.791102
3/6/15,63,63.68,62.669998,62.790001,6732800,59.281276
3/9/15,62.77,63.34,61.970001,61.970001,6492800,58.507098
3/10/15,60.990002,61.720001,60.689999,60.869999,8922400,57.468565
3/11/15,60.950001,61.869999,60.810001,61.299999,6341200,57.874536
3/12/15,61.580002,61.91,61.32,61.360001,5520900,57.931185
3/13/15,60.759998,61.799999,60.57,61.639999,8255800,58.195537
3/16/15,61.209999,62.459999,60.830002,62.400002,6318000,58.91307
3/17/15,62.009998,62.490002,61.380001,62.009998,6488900,58.544861
3/18/15,61.540001,64.309998,61.509998,63.639999,9536300,60.083777
3/19/15,62.779999,63.310001,62.450001,62.759998,7907100,59.25295
3/20/15,63.150002,64.120003,63,63.84,10059900,60.272601
3/23/15,64,64.18,63.209999,63.23,7428600,59.696688
3/24/15,63.450001,63.619999,62.529999,62.549999,6377400,59.054686
3/25/15,63.220001,63.5,62.66,63.049999,7662300,59.526746
3/26/15,63.950001,64.139999,62.919998,63.240002,6889900,59.706131
3/27/15,62.959999,63.09,62.459999,62.93,5199100,59.413452
3/30/15,63.48,64.150002,63.400002,64,6027400,60.42366
3/31/15,63.25,63.470001,62.240002,62.259998,9169700,58.78089
4/1/15,62.709999,63.490002,62.639999,63.02,8939300,59.498423
4/2/15,62.709999,63.41,62.57,63.18,5908200,59.649482
4/6/15,63.419998,65.879997,63.400002,65.389999,10170000,61.735986
4/7/15,65.260002,66.040001,65.07,65.790001,7177200,62.113635
4/8/15,66.07,66.230003,64.800003,64.809998,8571600,61.188395
4/9/15,65.019997,67.459999,64.860001,67,10984100,63.256019
4/10/15,67.360001,67.400002,66.389999,66.529999,6015900,62.812282
4/13/15,66.900002,67.419998,66.330002,66.339996,5737100,62.632897
4/14/15,66.82,68.550003,66.739998,68.360001,8917600,64.540023
4/15/15,68.910004,69.660004,68.5,69.400002,7773700,65.521908
4/16/15,68.989998,69.720001,68.209999,69.010002,8395000,65.153702
4/17/15,68.589996,68.589996,67.18,67.690002,9616700,63.907464
4/20/15,68.089996,69.25,68.050003,68.610001,7846100,64.776053
4/21/15,68.610001,68.989998,67.650002,68.019997,5563400,64.219018
4/22/15,67.949997,68.139999,67.129997,67.879997,4480200,64.086842
4/23/15,68.260002,68.879997,68.010002,68.260002,4627500,64.445612
4/24/15,67.849998,67.870003,67.029999,67.510002,6275700,63.737522
4/27/15,67.779999,67.970001,67,67.059998,4427900,63.312664
4/28/15,67.199997,67.760002,67.010002,67.739998,4265700,63.954666
4/29/15,67.419998,68.309998,67.220001,68.059998,6038400,64.256784
4/30/15,69.019997,69.029999,67.660004,67.919998,7365700,64.124608
5/1/15,67.739998,67.980003,66.970001,67.440002,5974400,63.671434
5/4/15,67.410004,67.620003,66.699997,67.019997,6638100,63.274899
5/5/15,67.440002,68.360001,66.980003,67.199997,9142900,63.44484
5/6/15,67.959999,68.169998,66.790001,67.230003,7089600,63.47317
5/7/15,67.529999,67.529999,66.099998,66.620003,6298900,62.897256
5/8/15,67.139999,67.370003,66.360001,67.169998,5961200,63.416518
5/11/15,67.120003,67.199997,65.110001,65.279999,7261800,61.632132
5/12/15,65.290001,65.650002,65.050003,65.400002,4719700,61.745429
5/13/15,65.800003,66.029999,65.150002,65.389999,5424500,61.735986
5/14/15,65.540001,66.110001,65.330002,65.419998,4345300,61.764309
5/15/15,65.25,66.059998,65.059998,65.760002,4728800,62.085313
5/18/15,65.75,66.220001,65.18,66.040001,5158600,62.349665
5/19/15,65.75,65.75,65.110001,65.120003,7946000,61.481077
5/20/15,64.75,64.949997,64.120003,64.779999,4837600,61.853453
5/21/15,65.129997,65.75,64.870003,65.580002,6049900,62.617315
5/22/15,65.040001,65.660004,64.900002,65.110001,3804900,62.168547
5/26/15,64.57,64.82,63.5,63.84,6128800,60.955921
5/27/15,63.939999,64.989998,63.700001,63.82,6754900,60.936824
5/28/15,63.529999,63.950001,63.110001,63.860001,5192500,60.975017
5/29/15,63.700001,64.080002,63.439999,63.68,5701600,60.803149
6/1/15,64.459999,64.470001,63.240002,63.610001,4140400,60.736312
6/2/15,63.700001,64.32,63.41,64.07,5076800,61.17553
6/3/15,63.810001,64.290001,63.619999,63.799999,5380800,60.917727
6/4/15,63.41,63.740002,62.93,63,5361700,60.153869
6/5/15,62.759998,64.220001,62.709999,63.040001,5809900,60.192063
6/8/15,62.919998,63.470001,62.779999,63.43,6630600,60.564443
6/9/15,63.779999,64.330002,63.060001,63.060001,6316900,60.21116
6/10/15,63.91,64.239998,63.490002,64.019997,4776300,61.127785
6/11/15,63.970001,64.239998,63.849998,64.029999,3890700,61.137336
6/12/15,63.759998,63.849998,63.130001,63.509998,4996900,60.640827
6/15/15,63.080002,63.639999,62.799999,63.27,4710200,60.411672
6/16/15,63.439999,63.549999,62.689999,63.43,5310200,60.564443
6/17/15,63.880001,64.129997,62.709999,63.09,4741000,60.239803
6/18/15,63.150002,63.5,62.799999,62.93,5413300,60.087032
6/19/15,62.549999,63.279999,62.130001,62.349998,13125900,59.533232
6/22/15,62.48,62.970001,62.189999,62.580002,4356600,59.752845
6/23/15,62.68,63.349998,62.509998,63.169998,3643700,60.316187
6/24/15,63.130001,63.549999,62.830002,62.830002,3974800,59.991551
6/25/15,63.169998,63.169998,62.130001,62.220001,4706500,59.409108
6/26/15,62.150002,62.279999,61.720001,62.18,6684200,59.370914
6/29/15,61.419998,61.740002,61,61.009998,5256900,58.253769
6/30/15,61.529999,61.610001,60.860001,61.41,5356200,58.6357
7/1/15,61.509998,61.509998,59.689999,60.029999,7394100,57.318042
7/2/15,60.18,60.77,60.18,60.52,6777200,57.785907
7/6/15,59.52,59.759998,58.720001,59.060001,7553700,56.391866
7/7/15,58.900002,59.900002,58.240002,59.650002,7129800,56.955212
7/8/15,59.139999,59.720001,58.080002,58.360001,5629100,55.723489
7/9/15,59.650002,59.759998,58.66,58.669998,5436600,56.019482
7/10/15,59.310001,59.540001,58.669998,59.130001,5056900,56.458704
7/13/15,59.110001,59.200001,58.639999,58.93,4905900,56.267738
7/14/15,58.75,59.740002,58.689999,59.529999,5481000,56.840631
7/15/15,59.110001,59.549999,58.130001,58.419998,5229800,55.780776
7/16/15,58.610001,58.779999,57.68,57.950001,5322900,55.332012
7/17/15,57.599998,57.889999,56.650002,57.200001,7363800,54.615894
7/20/15,57.18,57.200001,56.16,56.57,8086900,54.014355
7/21/15,56.759998,57.16,56.169998,56.490002,8424500,53.937971
7/22/15,56.290001,56.389999,55.669998,55.830002,10373300,53.307787
7/23/15,55.099998,55.310001,53.299999,54.040001,12065300,52.291755
7/24/15,53.950001,53.950001,51.98,52.09,13241700,50.404839
7/27/15,51.34,52.02,50.540001,50.650002,14268100,49.011425
7/28/15,50.939999,52.959999,50.869999,52.240002,13384600,50.549988
7/29/15,52.049999,53.439999,52,52.900002,11816700,51.188636
7/30/15,52.990002,53.290001,51.880001,52.07,10081600,50.385485
7/31/15,51.43,51.450001,50.25,50.34,12202300,48.711453
8/3/15,49.799999,50.470001,49.330002,49.709999,11241100,48.101833
8/4/15,49.59,50.34,49.59,49.869999,7690600,48.256657
8/5/15,50.299999,50.849998,49.029999,49.119999,8047200,47.53092
8/6/15,48.889999,50.360001,48.330002,50.279999,11641100,48.653393
8/7/15,50.25,50.650002,48.610001,48.84,10286300,47.259979
8/10/15,48.889999,50.209999,48.549999,50.200001,10574000,48.575983
8/11/15,49.279999,50.52,49.060001,50.400002,10713600,48.769513
8/12/15,50.209999,51.880001,50.150002,51.540001,13986500,49.872633
8/13/15,51,51.049999,49.860001,50.099998,10045500,48.479216
8/14/15,49.990002,50.290001,49.689999,49.77,7850100,48.159893
8/17/15,49.48,49.810001,49.259998,49.560001,5807400,47.956688
8/18/15,49.619999,49.790001,49.130001,49.509998,7310200,47.908302
8/19/15,49.279999,49.279999,47.049999,47.68,14528500,46.137507
8/20/15,47.450001,48.099998,47,47,10554700,45.479505
8/21/15,46.66,47.380001,45.380001,45.389999,13905700,43.921589
8/24/15,41.98,44.93,41.099998,42.93,21256700,41.541174
8/25/15,45.02,45.02,42.139999,42.189999,15891800,40.825112
8/26/15,42.93,43.57,42.25,43.41,18991000,42.005645
8/27/15,44.619999,46.529999,44.450001,45.869999,19431600,44.386061
8/28/15,45.560001,48,45.560001,46.82,14902000,45.305328
8/31/15,46.299999,49.32,45.700001,49.150002,17775100,47.559952
9/1/15,48.169998,48.169998,46.790001,47.75,17192400,46.205242
9/2/15,48.299999,48.66,47,48.189999,11265800,46.631006
9/3/15,48.5,49.869999,47.77,48.18,9703800,46.621331
9/4/15,47.209999,47.599998,46.860001,47.200001,10520200,45.673036
9/8/15,48.27,48.68,47.150002,48.459999,13561500,46.892272
9/9/15,49.049999,49.700001,47.59,47.849998,16203100,46.302005
9/10/15,48,48.75,47.330002,48.43,8874700,46.863243
9/11/15,47.740002,47.759998,46.950001,47.360001,9270700,45.827859
9/14/15,47.119999,47.150002,46.34,46.77,8768800,45.256946
9/15/15,47.150002,47.790001,47.110001,47.279999,6678200,45.750446
9/16/15,47.709999,49.540001,47.639999,49.470001,11354000,47.869599
9/17/15,49.41,50.91,49.060001,50.130001,14823600,48.508248
9/18/15,49.150002,49.52,47.93,48.360001,12763300,46.795508
9/21/15,48.849998,49,48.139999,48.75,7728200,47.172891
9/22/15,47.73,49,47.610001,48.619999,10223400,47.047095
9/23/15,48.720001,48.98,47.810001,47.860001,6323000,46.311684
9/24/15,47.509998,48.23,47.330002,47.759998,8185800,46.214917
9/25/15,48.540001,48.540001,46.919998,47.189999,8631400,45.663357
9/28/15,46.439999,47.049999,45.84,45.849998,8003400,44.366707
9/29/15,46.279999,46.689999,45.720001,46.57,7978000,45.063416
9/30/15,46.919998,48,46.900002,47.959999,8814400,46.408447
10/1/15,48.689999,49.400002,47.540001,48.16,10430300,46.601978
10/2/15,47.580002,51.189999,47.560001,51.189999,12573500,49.533953
10/5/15,51.939999,53.130001,51.509998,52.98,12806600,51.266046
10/6/15,53.18,55.529999,53.060001,55.139999,15414000,53.356168
10/7/15,55.939999,56.380001,53.84,55.27,13745300,53.481963
10/8/15,55,56.549999,54.59,56.279999,9496900,54.459287
10/9/15,56.59,56.689999,55.209999,56.099998,9118800,54.28511
10/12/15,56.07,56.099998,54.459999,55.27,7484500,53.481963
10/13/15,54.779999,55.900002,54.360001,55.040001,6214700,53.259404
10/14/15,55.049999,55.700001,54.889999,55.459999,6410200,53.665815
10/15/15,54.360001,55.279999,53.799999,55.23,7832400,54.165991
10/16/15,55.689999,55.950001,54.509998,55.23,7294500,54.165991
10/19/15,54.490002,54.779999,53.48,53.689999,7980700,52.655658
10/20/15,53.900002,54.25,53.189999,53.540001,8553600,52.50855
10/21/15,53.41,53.82,52.900002,52.970001,6331400,51.949531
10/22/15,53.330002,54.759998,53.189999,54.580002,7372600,53.528515
10/23/15,54.299999,54.810001,53.650002,54.610001,5907200,53.557936
10/26/15,54.560001,54.57,52.939999,52.950001,5565200,51.929916
10/27/15,52.009998,52.130001,50.740002,51.689999,7990200,50.694188
10/28/15,51.75,53.669998,51.580002,53.34,9326000,52.312402
10/29/15,52.189999,54.549999,51.139999,53.619999,9326300,52.587007
10/30/15,53.93,54.169998,52.59,53.349998,7544600,52.322208
11/2/15,53,55.25,52.869999,54.939999,8140600,53.881576
11/3/15,55.299999,57.150002,55.16,56.73,9126400,55.637093
11/4/15,56.73,56.799999,55.470001,56.34,8720200,55.254607
11/5/15,55.880001,57.240002,55.77,56.279999,7232800,55.195761
11/6/15,55.77,56.439999,55,55.77,6562200,54.695588
11/9/15,55.630001,56.139999,54.389999,54.639999,5615200,53.587357
11/10/15,54.48,55.150002,54,54.650002,5186800,53.597166
11/11/15,54.52,54.740002,53.330002,53.439999,6977700,52.410474
11/12/15,52.450001,53.080002,51.799999,51.970001,7391100,50.968796
11/13/15,51.889999,52.110001,51.029999,51.830002,6390900,50.831494
11/16/15,51.900002,54.439999,51.59,54.369999,8294200,53.322558
11/17/15,54.150002,54.689999,53.450001,53.900002,6222900,52.861615
11/18/15,54.439999,55.07,53.439999,54.48,4918700,53.430439
11/19/15,54.189999,54.470001,53.18,53.560001,6315700,52.528165
11/20/15,53.619999,54.049999,52.639999,52.93,5729300,51.910301
11/23/15,52.790001,53.77,52.470001,53.279999,5609900,52.253557
11/24/15,53.459999,55.610001,53.380001,55.32,8209400,54.254257
11/25/15,54.990002,55.080002,54.32,54.380001,5144100,53.332367
11/27/15,53.830002,54.09,53.25,53.48,2786000,52.449704
11/30/15,53.509998,54.490002,53.349998,54.049999,8738300,53.008723
12/1/15,54.459999,54.75,53.900002,54.610001,7704100,53.557936
12/2/15,54.209999,54.57,52.18,52.549999,10649300,51.537621
12/3/15,52.810001,52.98,51.48,51.610001,10673000,50.615731
12/4/15,50.84,51.490002,50.16,51.189999,9393900,50.20382
12/7/15,49.73,50.290001,48.16,48.990002,11541400,48.046207
12/8/15,47.650002,49.150002,46.880001,48.299999,8723000,47.369497
12/9/15,48.349998,49.740002,47.75,48.470001,9891000,47.536224
12/10/15,48.23,49.950001,48.009998,49.220001,11059900,48.271775
12/11/15,48.25,48.450001,46.810001,48.130001,14658400,47.202774
12/14/15,47.580002,50.139999,47.400002,49.529999,14173900,48.575801
12/15/15,50.349998,51.060001,50.139999,50.560001,10737600,49.58596
12/16/15,50.299999,50.84,49.119999,49.349998,11438900,48.399268
12/17/15,49.369999,49.459999,46.919998,47.279999,12951100,46.369147
12/18/15,47.049999,47.580002,45.759998,45.93,16525400,45.045156
12/21/15,46.029999,46.150002,44.560001,45.099998,10873300,44.231144
12/22/15,45.18,46.560001,44.91,46.279999,10361500,45.388412
12/23/15,47.290001,49.07,47.27,49.029999,9806900,48.085433
12/24/15,49.040001,49.209999,48.060001,48.59,3262100,47.653911
12/28/15,47.610001,47.790001,46.939999,47.189999,8786600,46.280881
12/29/15,48.23,48.369999,47.200001,47.77,6285300,46.849709
12/30/15,46.939999,47.740002,46.540001,46.599998,6605100,45.702247
12/31/15,46.060001,47.200001,45.880001,46.689999,6681700,45.790513
1/4/16,46.41,47.77,46.080002,46.880001,8918000,45.976855
1/5/16,46.669998,47.52,45.990002,47.400002,7012400,46.486838
1/6/16,46.099998,46.32,45.040001,45.349998,10995600,44.476328
1/7/16,44.740002,45.619999,43.919998,44.060001,10844000,43.211183
1/8/16,44.18,44.59,42.869999,43.290001,9118800,42.456017
1/11/16,43.32,43.619999,40.599998,41.119999,17258800,40.32782
1/12/16,41.869999,42.040001,39.130001,40.25,16782900,39.474582
1/13/16,40.75,41.790001,38.869999,39,19016500,38.248663
1/14/16,39.209999,41.830002,38.66,41.25,18244800,40.455316
1/15/16,39.34,40.450001,38.360001,39.360001,19118600,38.601728
1/19/16,39.740002,39.889999,35.599998,36.400002,20838200,35.698753
1/20/16,35.540001,35.610001,32.709999,34.75,31382700,34.080539
1/21/16,34.869999,37.34,34.639999,36.91,19576200,36.198927
1/22/16,38.209999,39.57,36.740002,37.669998,18558700,36.944284
1/25/16,36.799999,37.48,34.189999,34.200001,19646800,33.541136
1/26/16,35.07,35.91,33.439999,35.349998,28696200,34.668979
1/27/16,34.919998,37.73,34.18,36.209999,22071800,35.512411
1/28/16,37.919998,39.43,37.080002,38.02,16876200,37.287543
1/29/16,38.09,39.27,37.52,39.080002,18712600,38.327123
2/1/16,38.240002,38.98,37.610001,38.599998,12782800,37.856367
2/2/16,37.610001,38.18,36.439999,36.59,15918800,35.885092
2/3/16,37.59,38.73,35.59,38.630001,19847700,37.885792
2/4/16,38.5,39,35.02,35.32,49188200,34.639558
2/5/16,34.02,34.41,31.59,32.900002,46173200,32.266181
2/8/16,31.950001,34.5,31.68,34.43,21946200,33.766704
2/9/16,33.220001,34.16,32.700001,33.580002,20405400,32.933081
2/10/16,33.290001,34.380001,32.060001,32.34,16643400,31.716968
2/11/16,31.23,32.380001,31.049999,31.879999,20843100,31.50941
2/12/16,32.290001,33.349998,31.9,32.900002,14965400,32.517555
2/16/16,33.490002,33.700001,32.549999,32.759998,12851700,32.379179
2/17/16,33.299999,34.389999,33.029999,33.91,18316600,33.515813
2/18/16,34.48,34.509998,33.439999,33.700001,16898700,33.308255
2/19/16,33.150002,33.279999,32.09,32.869999,14644000,32.487901
2/22/16,32.869999,34.700001,32.869999,34.450001,11544000,34.049536
2/23/16,33.919998,34.610001,32.91,32.919998,9719600,32.537319
2/24/16,32.099998,33.040001,31.82,32.959999,10965300,32.576855
2/25/16,33.07,33.349998,31.969999,33.060001,10323200,32.675695
2/26/16,33.860001,34.810001,33.82,34.119999,11003000,33.72337
2/29/16,34.57,34.59,33.580002,33.830002,10521700,33.436744
3/1/16,34.07,34.75,33.34,34.459999,11581000,34.059418
3/2/16,34.279999,36.509998,34.099998,36.490002,16943700,36.065823
3/3/16,36.5,38.810001,36.32,38.560001,20248700,38.11176
3/4/16,38.919998,41.68,38.799999,41.119999,24819100,40.641999
3/7/16,41.25,42.450001,40.900002,41.400002,17548300,40.918747
3/8/16,41.200001,41.25,38.560001,38.619999,14129300,38.17106
3/9/16,39.349998,39.720001,38.380001,39.049999,13347800,38.596062
3/10/16,38.869999,39.139999,38.360001,39.029999,10860100,38.576294
3/11/16,39.799999,40.66,39.73,40.52,13656300,40.048975
3/14/16,39.700001,40.459999,39.389999,40.009998,9316700,39.544901
3/15/16,39.209999,39.849998,38.82,39.830002,7838800,39.366997
3/16/16,40.240002,41.970001,40.18,41.869999,10151400,41.38328
3/17/16,42.400002,43.779999,42.189999,43.009998,12435000,42.510028
3/18/16,43.59,44.400002,42.450001,43.02,20946200,42.519914
3/21/16,42.73,43.41,42.16,42.580002,8409600,42.08503
3/22/16,42.25,42.779999,41.91,41.919998,8245300,41.432699
3/23/16,41.290001,41.68,39.810001,39.849998,11232700,39.386762
3/24/16,38.93,40.099998,38.529999,40.040001,9218300,39.574555
3/28/16,40.099998,40.150002,39.02,39.68,6647600,39.21874
3/29/16,39.02,39.73,38.560001,39.619999,8115800,39.159436
3/30/16,40.48,40.759998,39.57,40.080002,7777000,39.614091
3/31/16,39.959999,40.540001,39.700001,40.27,9353100,39.801881
4/1/16,39.389999,39.919998,38.790001,39.779999,9090500,39.317576
4/4/16,39.790001,40.34,38.98,39.099998,8663000,38.64548
4/5/16,38.75,39.290001,38.189999,39.040001,7838100,38.58618
4/6/16,39.400002,40.98,39.169998,40.75,9816800,40.276301
4/7/16,40.43,41.029999,39.740002,40.310001,7117600,39.841417
4/8/16,41.619999,41.889999,40.93,41.23,8081300,40.750721
4/11/16,41.43,41.98,41.150002,41.189999,7177800,40.711185
4/12/16,41.57,43.830002,41.360001,43.470001,10651800,42.964684
4/13/16,43.630001,43.959999,43.009998,43.580002,9397600,43.073405
4/14/16,43.830002,44.299999,43.459999,44.220001,8241200,43.705965
4/15/16,43.75,44.169998,43.52,43.700001,8164500,43.192009
4/18/16,42.09,45,42.040001,45,9362700,44.476897
4/19/16,45.209999,47.099998,44.970001,47.060001,12874100,46.512952
4/20/16,46.73,47.66,46.09,47.080002,8500400,46.53272
4/21/16,46.990002,47.32,46.119999,46.23,10010700,45.692598
4/22/16,46.34,47.740002,46.259998,47.619999,9399900,47.06644
4/25/16,47.16,47.23,45.84,46.27,11597100,45.732134
4/26/16,46.599998,48.169998,46.34,48.080002,10715400,47.521095
4/27/16,48.549999,48.91,47.82,48.110001,11556500,47.550745
4/28/16,48.130001,49.349998,47.5,47.669998,12327600,47.115858
4/29/16,47.900002,48.830002,46.950001,47.790001,9024000,47.234465
5/2/16,47.560001,47.689999,46.119999,46.849998,8278800,46.30539
5/3/16,46.099998,46.259998,44.709999,45.080002,8770100,44.555969
5/4/16,45.169998,45.650002,43.189999,43.41,9267000,42.90538
5/5/16,44.540001,44.98,42.759998,43.209999,8384600,42.707704
5/6/16,42.73,43.580002,42.27,42.759998,8148100,42.262934
5/9/16,42.310001,42.490002,41.119999,41.650002,7049800,41.16584
5/10/16,41.619999,42.889999,41.580002,42.869999,7969500,42.371656
5/11/16,42.869999,44.43,42.310001,43.68,8913000,43.172241
5/12/16,44.049999,44.689999,43.049999,43.73,8380800,43.22166
5/13/16,43.369999,43.919998,42.84,43.02,6203300,42.519914
5/16/16,43.790001,44.509998,43.790001,44.080002,7837900,43.567593
5/17/16,43.880001,44.450001,43.459999,43.779999,11746900,43.271078
5/18/16,43.380001,44.119999,43.049999,43.34,8155000,43.082208
5/19/16,42.75,43.619999,42.07,43.360001,6284300,43.10209
5/20/16,43.52,43.990002,43.040001,43.580002,6397700,43.320782
5/23/16,43.200001,43.919998,43,43.59,6753800,43.330721
5/24/16,43.919998,43.98,43.290001,43.459999,5989300,43.201494
5/25/16,43.900002,45.060001,43.849998,44.900002,6456200,44.632931
5/26/16,45.419998,45.779999,44.689999,44.73,7813700,44.46394
5/27/16,44.27,44.43,43.849998,44.330002,6068600,44.066321
5/31/16,44.59,45.27,43.68,43.790001,9511600,43.529532
6/1/16,43.369999,44.080002,43.209999,44.060001,7262100,43.797927
6/2/16,43.75,44.630001,43.450001,44.380001,7016600,44.116023
6/3/16,44.389999,44.720001,43.700001,44.18,6086800,43.917212
6/6/16,44.799999,45.630001,44.470001,45.52,7813100,45.249242
6/7/16,45.970001,47.57,45.799999,47.540001,11227800,47.257227
6/8/16,47.950001,48.450001,47.439999,47.490002,9641000,47.207525
6/9/16,46.720001,47.139999,46.549999,46.57,5425100,46.292995
6/10/16,45.900002,46.119999,44.259998,44.509998,9008300,44.245247
6/13/16,43.959999,44.959999,43.799999,43.880001,7394900,43.618997
6/14/16,43.84,44.599998,43.349998,44.32,7324500,44.056379
6/15/16,43.91,44.509998,43.41,43.709999,6898000,43.450006
6/16/16,43.200001,43.32,42.220001,43.16,7010100,42.903279
6/17/16,43.599998,44.740002,43.509998,44.150002,9672800,43.887392
6/20/16,45,45.360001,44.57,44.689999,8374600,44.424177
6/21/16,44.580002,45.080002,44.25,44.799999,6783300,44.533523
6/22/16,45.119999,45.18,43.91,43.990002,8649100,43.728344
6/23/16,44.599998,45.639999,44.27,45.630001,7714800,45.358588
6/24/16,43.32,44.419998,42.919998,43.169998,13630200,42.913218
6/27/16,42.509998,42.66,40.52,40.779999,11940900,40.537434
6/28/16,41.970001,42.139999,41.439999,41.950001,8996500,41.700477
6/29/16,42.5,44.220001,42.189999,43.91,10234900,43.648818
6/30/16,43.720001,44.119999,43.209999,43.599998,9342200,43.34066