Date,Open,High,Low,Close,Volume,Adj Close,,
6/30/10,32.16,32.509998,31.360001,31.5,17186400,28.872496,,
7/1/10,31.469999,32.099998,30.91,31.49,19906200,28.86333,,
7/2/10,31.559999,31.68,30.719999,31.379999,15597300,28.762505,,
7/6/10,31.77,32.299999,31.379999,31.719999,15215500,29.074145,,
7/7/10,31.73,33.169998,31.66,33.139999,14309500,30.375698,,
7/8/10,33.330002,33.540001,32.900002,33.34,10044000,30.559017,,
7/9/10,33.380001,33.799999,33.369999,33.75,8530900,30.934817,,
7/12/10,33.580002,33.889999,33.389999,33.77,10094300,30.953149,,
7/13/10,34.110001,34.669998,33.959999,34.450001,8653000,31.576429,,
7/14/10,34.240002,34.509998,33.919998,34.240002,7955100,31.383946,,
7/15/10,34.150002,34.419998,33.599998,34.049999,10656300,31.209793,,
7/16/10,33.889999,34,32.919998,33.029999,13060100,30.274873,,
7/19/10,33.09,33.5,32.990002,33.310001,9647000,30.53152,,
7/20/10,33.330002,33.450001,32.799999,33.400002,11632000,30.614013,,
7/21/10,33.470001,33.599998,32.630001,32.810001,10151100,30.073226,,
7/22/10,33.09,33.77,33.049999,33.59,9984500,30.788163,,
7/23/10,33.52,34.209999,33.450001,34.130001,10790200,31.283121,,
7/26/10,34.09,34.720001,34.09,34.400002,10104400,31.5306,,
7/27/10,34.66,34.66,33.959999,34.279999,7103000,31.420607,,
7/28/10,34.189999,34.209999,33.799999,34.040001,6089200,31.200628,,
7/29/10,34.220001,34.799999,33.419998,33.709999,9938400,30.898153,,
7/30/10,33.369999,33.880001,33.02,33.689999,7805000,30.879821,,
8/2/10,34.139999,34.68,34.130001,34.48,9948800,31.603925,,
8/3/10,34.439999,34.549999,34.02,34.209999,8503300,31.356446,,
8/4/10,34.41,34.959999,34.139999,34.830002,9840700,31.924733,,
8/5/10,34.68,35.049999,34.560001,34.98,8407300,32.062219,,
8/6/10,34.580002,35.09,34.389999,35,8061700,32.080551,,
8/9/10,34.959999,35.23,34.900002,35.16,7809300,32.227205,,
8/10/10,34.889999,35.41,34.73,35.290001,12353400,32.346362,,
8/11/10,34.77,34.77,34.130001,34.220001,15028900,31.365614,,
8/12/10,33.849998,34.299999,33.709999,33.990002,11809600,31.1548,,
8/13/10,33.790001,33.810001,33.41,33.68,11058100,30.870656,,
8/16/10,33.439999,33.75,33.110001,33.66,6917800,30.852324,,
8/17/10,33.919998,33.990002,33.509998,33.759998,9875200,30.943981,,
8/18/10,33.810001,34.220001,33.400002,33.91,8325000,31.081471,,
8/19/10,33.720001,33.779999,33.060001,33.189999,12070700,30.421527,,
8/20/10,33,33.200001,32.709999,33.049999,8632700,30.293205,,
8/23/10,33.23,33.549999,32.799999,32.93,8046500,30.183216,,
8/24/10,32.490002,32.700001,31.969999,32.139999,14229700,29.459111,,
8/25/10,31.870001,32.240002,31.549999,32.110001,14144000,29.431615,,
8/26/10,32.18,32.439999,31.879999,31.940001,10120500,29.275795,,
8/27/10,32.130001,32.849998,31.58,32.779999,11144000,30.045726,,
8/30/10,32.73,32.990002,32.32,32.349998,7057900,29.651594,,
8/31/10,32.200001,32.830002,31.91,32.540001,12520700,29.825747,,
9/1/10,33,33.700001,32.91,33.509998,10020900,30.714835,,
9/2/10,33.619999,33.98,33.529999,33.91,7034600,31.081471,,
9/3/10,34.02,34.700001,34.02,34.669998,8473800,31.778076,,
9/7/10,34.5,34.630001,33.66,33.84,10733100,31.01731,,
9/8/10,33.880001,34.099998,33.75,33.84,8370900,31.01731,,
9/9/10,34.34,34.490002,34,34.080002,6990600,31.237293,,
9/10/10,34.16,34.279999,34.049999,34.150002,7362900,31.301453,,
9/13/10,34.419998,34.669998,33.919998,34.27,8826700,31.411443,,
9/14/10,34.23,34.23,33.720001,34.049999,7761800,31.209793,,
9/15/10,34.009998,34.419998,33.880001,34.209999,7262300,31.356446,,
9/16/10,34.09,34.189999,33.709999,34.169998,7297600,31.319782,,
9/17/10,34.380001,34.73,34.360001,34.560001,19012800,31.677254,,
9/20/10,34.560001,34.990002,34.529999,34.900002,10219200,31.988894,,
9/21/10,34.91,34.98,34.27,34.5,11630600,31.622258,,
9/22/10,34.57,34.810001,33.900002,33.990002,9897700,31.1548,,
9/23/10,33.669998,33.73,33,33.119999,18090900,30.357366,,
9/24/10,33.380001,33.82,33.310001,33.580002,10657100,30.778999,,
9/27/10,33.599998,33.66,33.279999,33.290001,7884000,30.513188,,
9/28/10,33.369999,33.470001,32.939999,33.220001,12863900,30.449027,,
9/29/10,33.029999,33.18,32.68,33.009998,9231200,30.256541,,
9/30/10,33.189999,33.490002,32.830002,33.099998,14459500,30.339034,,
10/1/10,33.299999,33.580002,33.119999,33.34,12916300,30.559017,,
10/4/10,33.23,33.599998,33.080002,33.139999,10708300,30.375698,,
10/5/10,33.389999,33.990002,33.360001,33.830002,14555400,31.008146,,
10/6/10,33.84,33.98,33.439999,33.720001,11339900,30.907321,,
10/7/10,33.779999,33.98,33.68,33.91,9029800,31.081471,,
10/8/10,33.970001,34.700001,33.799999,34.509998,12971700,31.631422,,
10/11/10,34.52,34.740002,34.43,34.57,5347500,31.686418,,
10/12/10,34.360001,34.610001,33.959999,34.48,9077900,31.603925,,
10/13/10,34.66,35.200001,34.59,34.91,14425700,31.998058,,
10/14/10,34.790001,34.950001,34.580002,34.849998,7358700,31.943062,,
10/15/10,35.040001,35.150002,34.560001,34.880001,9641200,31.970562,,
10/18/10,34.830002,35,34.5,34.75,6926200,31.851404,,
10/19/10,34.5,34.599998,34,34.240002,9554500,31.383946,,
10/20/10,34.27,34.75,34.27,34.619999,10107800,31.732247,,
10/21/10,34.759998,35.040001,34.459999,34.68,16888400,31.787243,,
10/22/10,34.669998,34.990002,34.299999,34.970001,9598800,32.053055,,
10/25/10,35.16,35.720001,35.099998,35.459999,11230400,32.50218,,
10/26/10,35.130001,35.970001,34.990002,35.959999,14800400,32.960474,,
10/27/10,35.599998,35.959999,35.470001,35.919998,11752600,32.92381,,
10/28/10,35.950001,36.52,35.939999,36.509998,14226000,33.464596,,
10/29/10,36.509998,36.509998,35.830002,36.130001,12926000,33.116296,,
11/1/10,36.209999,36.490002,35.759998,36.029999,8454000,33.024635,,
11/2/10,36.369999,36.450001,36.099998,36.110001,16355300,33.097963,,
11/3/10,36.119999,36.43,35.950001,36.290001,12050100,33.262949,,
11/4/10,36.5,37.16,36.459999,37.029999,16674900,33.941222,,
11/5/10,36.779999,37.27,36.779999,37.200001,9712900,34.097044,,
11/8/10,37.049999,37.139999,36.889999,37.060001,6802600,33.968722,,
11/9/10,37.189999,37.23,36.68,36.860001,7600000,33.785404,,
11/10/10,36.91,37,36.509998,36.990002,7857200,33.904561,,
11/11/10,36.880001,37.389999,35.150002,35.93,37821800,32.932977,,
11/12/10,36.759998,38,36.599998,37.75,39192700,34.601166,,
11/15/10,37.419998,37.66,37.139999,37.25,11658400,34.142872,,
11/16/10,36.869999,37.290001,36.709999,36.919998,12409800,33.840397,,
11/17/10,36.799999,37.32,36.700001,37.220001,10600500,34.115376,,
11/18/10,37.200001,37.779999,37.200001,37.580002,9520400,34.445348,,
11/19/10,37.099998,37.330002,36.75,37.009998,13691800,33.92289,,
11/22/10,36.880001,37.049999,36.52,36.950001,6558800,33.867897,,
11/23/10,36.529999,36.619999,36,36.119999,11925900,33.107128,,
11/24/10,36.360001,36.98,36.299999,36.869999,9098200,33.794568,,
11/26/10,36.509998,36.93,36.43,36.700001,3490900,33.63875,,
11/29/10,36.450001,36.709999,36.099998,36.419998,8495200,33.382103,,
11/30/10,36.040001,36.830002,36.02,36.509998,17578900,33.464596,,
12/1/10,37.150002,37.41,37.040001,37.119999,15010900,34.023715,,
12/2/10,37.060001,37.59,37.049999,37.34,13967700,34.225365,,
12/3/10,37.049999,37.669998,37.049999,37.59,6901500,34.454512,,
12/6/10,37.43,37.73,37.279999,37.560001,5086200,34.427016,,
12/7/10,37.84,37.98,37.310001,37.330002,8123100,34.216201,,
12/8/10,37.470001,37.490002,36.939999,36.970001,8561900,33.886229,,
12/9/10,36.869999,37,36.509998,36.740002,6547200,34.043753,,
12/10/10,36.860001,36.950001,36.599998,36.66,6748900,33.969623,,
12/13/10,36.950001,37.48,36.57,37.130001,12361700,34.405132,,
12/14/10,37.189999,37.5,37.139999,37.240002,6954600,34.50706,,
12/15/10,37.16,37.369999,36.900002,36.950001,7258400,34.238341,,
12/16/10,37.02,37.18,36.900002,37.009998,7649800,34.293936,,
12/17/10,36.970001,37.169998,36.77,37.049999,11285400,34.331001,,
12/20/10,37.029999,37.34,36.84,37.060001,5114100,34.340269,,
12/21/10,37.169998,37.419998,37.099998,37.330002,4783900,34.590455,,
12/22/10,37.43,37.990002,37.34,37.950001,7229000,35.164954,,
12/23/10,37.849998,37.939999,37.52,37.700001,4506000,34.933301,,
12/27/10,37.549999,37.75,37.299999,37.48,3518900,34.729445,,
12/28/10,37.459999,37.52,37.07,37.360001,3464300,34.618252,,
12/29/10,37.450001,37.84,37.310001,37.599998,5097000,34.840637,,
12/30/10,37.580002,37.650002,37.389999,37.48,3411800,34.729445,,
12/31/10,37.369999,37.599998,37.209999,37.509998,3650800,34.757242,,
1/3/11,37.740002,38,37.619999,37.82,7591000,35.044493,,
1/4/11,37.93,39,37.849998,38.990002,21974200,36.128632,,
1/5/11,39.23,40,39.169998,39.959999,22003400,37.027444,,
1/6/11,39.689999,39.889999,39.439999,39.650002,14738300,36.740196,,
1/7/11,39.549999,39.68,39.16,39.450001,6598700,36.554873,,
1/10/11,39.009998,39.549999,38.93,39.5,8772600,36.601203,,
1/11/11,39.599998,39.810001,39.240002,39.400002,6494800,36.508543,,
1/12/11,39.48,39.650002,39.040001,39.169998,9586900,36.295419,,
1/13/11,39.18,39.360001,39.009998,39.259998,7084100,36.378814,,
1/14/11,39.099998,39.34,39,39.290001,5214000,36.406615,,
1/18/11,39.07,39.509998,39,39.389999,7892000,36.499275,,
1/19/11,39.09,39.490002,38.959999,39.09,8371900,36.221292,,
1/20/11,39.009998,39.389999,38.509998,39.169998,8977900,36.295419,,
1/21/11,39.290001,39.939999,39.279999,39.740002,10931800,36.823592,,
1/24/11,39.639999,39.950001,39.540001,39.939999,7794300,37.008911,,
1/25/11,39.790001,39.919998,39.470001,39.860001,7920300,36.934784,,
1/26/11,39.84,39.93,39.369999,39.439999,9777100,36.545605,,
1/27/11,39.540001,39.689999,39.25,39.459999,8231000,36.564138,,
1/28/11,39.360001,39.790001,38.650002,38.849998,8399900,35.998903,,
1/31/11,39.040001,39.25,38.650002,38.869999,8206400,36.017436,,
2/1/11,39.040001,39.950001,39.040001,39.880001,9283000,36.953317,,
2/2/11,39.799999,40.709999,39.799999,40.490002,15357000,37.518551,,
2/3/11,40.400002,40.75,40.279999,40.5,9513800,37.527816,,
2/4/11,40.470001,40.77,40.41,40.709999,11142200,37.722404,,
2/7/11,40.799999,41.200001,40.709999,40.939999,7283900,37.935524,,
2/8/11,40.900002,41.240002,40.790001,41.18,11850200,38.157913,,
2/9/11,42.759998,44.049999,42.720001,43.360001,35806100,40.177929,,
2/10/11,42.779999,43.66,42.73,43.310001,14829000,40.131599,,
2/11/11,43.040001,43.509998,43,43.41,14199200,40.224259,,
2/14/11,43.189999,43.41,42.98,43.240002,7500600,40.066736,,
2/15/11,43,43.57,42.98,43.09,12069100,39.927743,,
2/16/11,43.209999,43.709999,43.049999,43.700001,7902800,40.492977,,
2/17/11,43.5,43.900002,43.470001,43.700001,6396000,40.492977,,
2/18/11,43.650002,43.650002,43.259998,43.560001,15918200,40.363252,,
2/22/11,42.830002,43.150002,42.400002,42.650002,14162700,39.520035,,
2/23/11,42.91,43.290001,41.970001,42.130001,18834700,39.038196,,
2/24/11,42,42.470001,41.599998,42.419998,14504800,39.306911,,
2/25/11,42.5,43.130001,42.400002,42.950001,9457300,39.798018,,
2/28/11,43.02,43.869999,43,43.740002,12528200,40.530043,,
3/1/11,43.630001,43.790001,42.970001,42.990002,12093400,39.835083,,
3/2/11,43.139999,43.619999,42.98,43.290001,7624800,40.113066,,
3/3/11,43.610001,44.240002,43.610001,44.07,9641500,40.835823,,
3/4/11,44.029999,44.34,43.099998,43.549999,11127700,40.353984,,
3/7/11,43.529999,43.610001,42.380001,43.02,11765100,39.86288,,
3/8/11,43.060001,43.580002,42.73,43.200001,6864300,40.029671,,
3/9/11,43.240002,43.380001,42.810001,43.119999,5386700,39.95554,,
3/10/11,42.650002,42.830002,42.16,42.470001,10210600,39.353244,,
3/11/11,42.43,43.119999,42.259998,42.93,6954800,39.779485,,
3/14/11,42.639999,42.68,41.580002,42.240002,11005600,39.140123,,
3/15/11,41.130001,41.860001,40.630001,41.619999,14572000,38.565621,,
3/16/11,41.220001,41.580002,40.419998,40.599998,16754900,37.620476,,
3/17/11,41.189999,41.200001,40.48,40.759998,9378400,37.768734,,
3/18/11,41.25,41.669998,41.169998,41.23,13291500,38.204243,,
3/21/11,41.459999,41.990002,40.990002,41.82,7130300,38.750944,,
3/22/11,41.849998,41.950001,41.380001,41.439999,6881000,38.39883,,
3/23/11,41.400002,42.349998,40.869999,42.240002,11705500,39.140123,,
3/24/11,42.470001,42.990002,42.400002,42.860001,7011100,39.714622,,
3/25/11,42.939999,43.240002,42.779999,42.970001,7935500,39.81655,,
3/28/11,43.189999,43.299999,42.52,42.52,6022900,39.399574,,
3/29/11,42.580002,43.029999,42.360001,42.939999,5452700,39.78875,,
3/30/11,43.150002,43.48,43.049999,43.349998,7004800,40.168661,,
3/31/11,43.060001,43.209999,42.700001,43.09,7206400,39.927743,,
4/1/11,43.23,43.380001,42.639999,42.849998,8404800,39.705354,,
4/4/11,42.869999,43.049999,42.509998,42.630001,6841000,39.501502,,
4/5/11,42.66,42.830002,42.200001,42.43,7635700,39.316179,,
4/6/11,42.720001,42.73,42.060001,42.27,7826300,39.167921,,
4/7/11,42.18,42.27,41.5,42.040001,9439900,38.9548,,
4/8/11,42.220001,42.240002,41.400002,41.759998,7271800,38.695346,,
4/11/11,41.759998,41.939999,41.549999,41.889999,6882700,38.815807,,
4/12/11,41.59,41.75,41.25,41.630001,8387000,38.574889,,
4/13/11,41.830002,42.02,41.490002,41.700001,5964800,38.639752,,
4/14/11,41.5,41.560001,40.84,41.02,11204000,38.009655,,
4/15/11,41.23,41.709999,40.959999,41.52,8376900,38.472961,,
4/18/11,40.970001,41.279999,40.459999,41.200001,9975800,38.176445,,
4/19/11,41.080002,41.459999,40.880001,41.349998,6903700,38.315435,,
4/20/11,41.880001,42.459999,41.759998,42.040001,7400000,38.9548,,
4/21/11,42.32,42.400002,42.099998,42.27,4860800,39.167921,,
4/25/11,42.34,42.349998,41.869999,41.93,5157000,38.852872,,
4/26/11,41.98,42.439999,41.720001,42.330002,7290800,39.223519,,
4/27/11,42.259998,42.68,42.18,42.580002,5396900,39.455172,,
4/28/11,42.380001,43.150002,42.380001,43.02,6529800,39.86288,,
4/29/11,43.040001,43.349998,42.810001,43.099998,5740200,39.937007,,
5/2/11,43.470001,43.790001,43.209999,43.27,5601100,40.094533,,
5/3/11,43.25,43.57,42.889999,43.07,6206900,39.90921,,
5/4/11,42.939999,43.240002,42.299999,42.619999,7481400,39.492234,,
5/5/11,42.509998,43.25,42.439999,42.689999,8242300,39.557096,,
5/6/11,43.299999,43.5,42.849998,43.060001,7791900,39.899946,,
5/9/11,43.32,43.349998,42.93,43.099998,6308300,39.937007,,
5/10/11,43.240002,44.130001,43.099998,43.91,12541000,40.687565,,
5/11/11,42.110001,42.580002,41.110001,41.52,38451900,38.472961,,
5/12/11,41.509998,41.759998,40.939999,41.580002,13080100,38.528559,,
5/13/11,41.610001,41.869999,41.25,41.52,8420500,38.472961,,
5/16/11,41.259998,41.299999,40.889999,40.93,11697800,37.92626,,
5/17/11,40.860001,41.139999,40.68,41.009998,10024400,38.000387,,
5/18/11,40.939999,41.450001,40.900002,41.419998,9948300,38.380298,,
5/19/11,41.549999,41.740002,41.139999,41.380001,10055800,38.343236,,
5/20/11,41.34,41.84,41.119999,41.5,9213000,38.454428,,
5/23/11,41.150002,41.330002,40.950001,41.16,7955900,38.13938,,
5/24/11,41.27,41.34,40.869999,41.09,8459300,38.074517,,
5/25/11,40.919998,41.34,40.849998,41.130001,7030500,38.111583,,
5/26/11,41.02,41.220001,40.549999,40.990002,11189400,37.981858,,
5/27/11,41.189999,41.669998,41.189999,41.52,8529400,38.472961,,
5/31/11,41.900002,41.990002,41.48,41.630001,10977200,38.574889,,
6/1/11,41.529999,41.59,40.32,40.400002,12632100,37.435156,,
6/2/11,40.349998,40.689999,39.990002,40.060001,13421400,37.120107,,
6/3/11,39.66,39.66,39.169998,39.380001,15135500,36.49001,,
6/6/11,39.18,39.700001,39.139999,39.400002,9193400,36.508543,,
6/7/11,39.610001,39.880001,39.330002,39.349998,8666700,36.46221,,
6/8/11,39.459999,39.650002,39.139999,39.23,8483000,36.351017,,
6/9/11,38.950001,39.529999,38.849998,39.369999,9642200,36.480742,,
6/10/11,39.150002,39.330002,38.419998,38.5,13096800,35.67459,,
6/13/11,38.630001,38.860001,38.349998,38.369999,9253400,35.55413,,
6/14/11,38.68,38.860001,38.509998,38.59,10074600,35.757986,,
6/15/11,38.380001,38.82,38.240002,38.389999,10716200,35.572662,,
6/16/11,38.369999,38.470001,37.77,38.009998,11806900,35.220548,,
6/17/11,38.310001,38.369999,37.98,38.040001,12658300,35.248349,,
6/20/11,37.849998,38.27,37.650002,38.23,8746200,35.424404,,
6/21/11,38.450001,38.889999,38.25,38.779999,7815000,35.934041,,
6/22/11,38.560001,38.77,38.279999,38.310001,8543700,35.498535,,
6/23/11,37.880001,37.93,37.189999,37.82,11874100,35.044493,,
6/24/11,37.91,38.02,37.389999,37.580002,13425400,34.822108,,
6/27/11,37.619999,38.419998,37.470001,38.07,8258400,35.276147,,
6/28/11,38.169998,38.450001,37.790001,37.919998,11912700,35.137153,,
6/29/11,38.110001,38.43,37.73,38.349998,9614100,35.535597,,
6/30/11,38.5,39.119999,38.349998,39.040001,10049800,36.174962,,
7/1/11,39.150002,39.860001,39.029999,39.720001,9245300,36.805059,,
7/5/11,39.77,40.18,39.599998,39.970001,9446200,37.036712,,
7/6/11,39.950001,39.950001,39.27,39.57,11435800,36.666066,,
7/7/11,39.849998,40.060001,39.73,39.740002,10227600,36.823592,,
7/8/11,39.98,39.98,39.200001,39.91,11795100,36.981114,,
7/11/11,39.490002,39.540001,39.080002,39.220001,9785500,36.341753,,
7/12/11,39.34,39.52,39.029999,39.150002,11311000,36.27689,,
7/13/11,39.25,39.830002,39.09,39.560001,12361400,36.656801,,
7/14/11,39.529999,39.84,39.389999,39.580002,13294000,36.675334,,
7/15/11,39.720001,39.82,38.98,39.27,18304900,36.388083,,
7/18/11,39.119999,39.119999,38.459999,38.75,11309600,35.906243,,
7/19/11,39.040001,39.73,38.990002,39.540001,7987500,36.638268,,
7/20/11,39.580002,39.849998,39.279999,39.360001,6126400,36.471478,,
7/21/11,39.689999,40.869999,39.669998,40.740002,13473000,37.750204,,
7/22/11,40.779999,40.970001,40.540001,40.650002,7723300,37.666809,,
7/25/11,40.25,40.889999,40.16,40.560001,6840900,37.583414,,
7/26/11,40.380001,40.810001,40.369999,40.509998,9292900,37.53708,,
7/27/11,40.349998,40.369999,39.419998,39.52,10736600,36.619736,,
7/28/11,39.459999,39.830002,39.189999,39.400002,11028100,36.508543,,
7/29/11,39.049999,39.310001,38.5,38.619999,16049700,35.785783,,
8/1/11,38.73,38.75,37.82,38.439999,11497500,35.618992,,
8/2/11,38.060001,38.43,36.93,36.970001,13652300,34.256874,,
8/3/11,36.939999,37.5,36.470001,37.43,11804500,34.683115,,
8/4/11,36.849998,36.889999,35.259998,35.349998,19369200,32.755759,,
8/5/11,35.790001,35.950001,34.400002,35.18,22781900,32.598236,,
8/8/11,34.060001,34.57,33.029999,33.029999,25923500,30.606017,,
8/9/11,33.470001,34.75,32.310001,34.700001,31836700,32.153463,,
8/10/11,31.84,32.27,29.6,31.540001,87048500,29.225367,,
8/11/11,31.83,33.080002,31.809999,32.119999,36389500,29.7628,,
8/12/11,32.759998,33.560001,32.439999,33.09,24426900,30.661616,,
8/15/11,33.43,33.799999,33.09,33.650002,17839100,31.18052,,
8/16/11,33.119999,33.669998,32.75,33.419998,18558300,30.967396,,
8/17/11,33.610001,33.75,32.84,33.369999,12741000,30.921066,,
8/18/11,32.470001,32.689999,32.169998,32.549999,23724700,30.161244,,
8/19/11,31.950001,32.98,31.82,31.85,19006700,29.512616,,
8/22/11,32.419998,32.650002,31.940001,32.02,15000100,29.67014,,
8/23/11,32.07,32.110001,31.33,32.110001,30417400,29.753535,,
8/24/11,32.009998,32.580002,31.73,32.509998,12595700,30.124178,,
8/25/11,32.529999,32.830002,31.879999,32.009998,10799000,29.660872,,
8/26/11,32.119999,32.639999,31.360001,32.400002,11247100,30.022254,,
8/29/11,32.720001,33.169998,32.610001,33.16,8397500,30.726478,,
8/30/11,33.119999,33.869999,32.82,33.580002,14060100,31.115657,,
8/31/11,33.849998,34.32,33.740002,34.060001,12282000,31.560431,,
9/1/11,34.09,34.330002,33.34,33.380001,10224700,30.930334,,
9/2/11,32.84,33.040001,32.41,32.459999,9144700,30.077849,,
9/6/11,31.459999,31.940001,31.33,31.76,12844800,29.429221,,
9/7/11,32.150002,32.68,31.99,32.630001,11471000,30.235375,,
9/8/11,32.419998,32.66,31.91,31.950001,10673200,29.605278,,
9/9/11,31.639999,31.719999,30.73,31.040001,17509200,28.76206,,
9/12/11,30.690001,31.309999,30.52,31.290001,10440000,28.993713,,
9/13/11,31.360001,31.610001,31.02,31.450001,9792200,29.141971,,
9/14/11,31.67,32.73,31.23,32.290001,12593100,29.920326,,
9/15/11,32.580002,32.990002,32.43,32.939999,8466900,30.522622,,
9/16/11,33.139999,33.290001,32.630001,32.91,16655300,30.494825,,
9/19/11,32.380001,32.639999,32.060001,32.509998,9979700,30.124178,,
9/20/11,32.66,32.880001,32.23,32.310001,10117700,29.938859,,
9/21/11,32.330002,32.52,31.24,31.280001,12618500,28.984447,,
9/22/11,30.540001,30.9,29.18,29.549999,26238400,27.381406,,
9/23/11,29.459999,29.9,29.049999,29.83,20944100,27.640858,,
9/26/11,30.059999,30.34,29.68,30.299999,14200600,28.076365,,
9/27/11,30.99,31.709999,30.59,31.16,15723900,28.873253,,
9/28/11,31.27,31.42,30.379999,30.48,11415000,28.243156,,
9/29/11,31.15,31.52,30.23,30.65,12114800,28.40068,,
9/30/11,30.16,30.709999,29.99,30.16,15135000,27.94664,,
10/3/11,30.030001,30.33,28.99,29,13899200,26.871769,,
10/4/11,28.73,29.969999,28.190001,29.860001,19000000,27.668657,,
10/5/11,30.35,31.549999,30.309999,31.51,17823700,29.197567,,
10/6/11,31.23,32.049999,31.02,32.029999,12659400,29.679405,,
10/7/11,32.200001,32.369999,31.610001,31.700001,12070100,29.373624,,
10/10/11,32.360001,33.099998,32.299999,33,7887400,30.57822,,
10/11/11,33.110001,33.279999,32.240002,32.610001,12891200,30.216842,,
10/12/11,32.959999,34.43,32.75,33.759998,17363400,31.282444,,
10/13/11,33.389999,33.73,33.27,33.549999,6837900,31.087857,,
10/14/11,34.02,34.529999,33.91,34.470001,10694700,31.940342,,
10/17/11,33.830002,34.220001,33.18,33.389999,9987700,30.939599,,
10/18/11,33.459999,34.200001,33.130001,33.939999,10980600,31.449235,,
10/19/11,33.880001,34.349998,33.470001,33.610001,7479000,31.143455,,
10/20/11,33.849998,34.119999,33.25,33.84,7319800,31.356575,,
10/21/11,34.18,35.16,34.09,35.16,13707600,32.579704,,
10/24/11,35.240002,35.709999,35.02,35.369999,8837900,32.774291,,
10/25/11,35.200001,35.349998,34.41,34.509998,7812300,31.977404,,
10/26/11,34.880001,35.189999,34.09,35.049999,10407200,32.477776,,
10/27/11,35.790001,36.599998,35.630001,36.279999,11316800,33.617509,,
10/28/11,36.23,36.34,35.720001,36.209999,8477600,33.552646,,
10/31/11,35.720001,35.790001,34.860001,34.880001,10152100,32.320253,,
11/1/11,34.43,34.470001,33.310001,33.599998,13361700,31.134186,,
11/2/11,34.130001,34.380001,33.799999,34.07,8538100,31.569696,,
11/3/11,34.57,35.130001,33.970001,35.029999,9276100,32.459243,,
11/4/11,34.810001,35.009998,34.330002,34.759998,6430900,32.209057,,
11/7/11,34.860001,35.169998,34.610001,35.150002,6942700,32.570439,,
11/8/11,35.439999,35.459999,34.34,35.290001,10710900,32.700164,,
11/9/11,34.59,34.59,33.66,33.790001,11913800,31.310245,,
11/10/11,34.16,34.759998,33.650002,34.639999,12170600,32.097865,,
11/11/11,36.630001,37.419998,36.369999,36.700001,22388500,34.006688,,
11/14/11,36.330002,36.419998,35.880001,36.119999,9631900,33.469251,,
11/15/11,35.959999,37,35.959999,36.450001,14226700,33.775035,,
11/16/11,35.959999,36.32,35.470001,35.529999,10809700,32.922549,,
11/17/11,35.380001,35.860001,34.799999,35.150002,32562000,32.570439,,
11/18/11,35.389999,35.779999,35.240002,35.630001,32200300,33.015213,,
11/21/11,35.48,35.630001,34.220001,34.330002,39965700,31.810617,,
11/22/11,34.209999,34.470001,33.41,34.02,12500700,31.523366,,
11/23/11,33.580002,33.779999,33.400002,33.400002,10764000,30.948867,,
11/25/11,33.5,34.220001,33.279999,33.509998,4991900,31.050791,,
11/28/11,34.27,34.529999,33.759998,34.07,8656400,31.569696,,
11/29/11,34.34,34.5,33.970001,34,7655200,31.504833,,
11/30/11,34.68,35.889999,34.66,35.849998,16536000,33.219065,,
12/1/11,36.029999,36.330002,35.720001,35.990002,10350800,33.348794,,
12/2/11,36.330002,36.830002,36.299999,36.610001,10202500,33.923293,,
12/5/11,37.040001,37.369999,36.73,36.939999,9973900,34.229073,,
12/6/11,36.869999,37.200001,36.75,36.830002,6573100,34.127149,,
12/7/11,36.709999,37.330002,36.459999,37.099998,9543600,34.377331,,
12/8/11,36.860001,36.959999,35.82,35.919998,9881700,33.283928,,
12/9/11,36.169998,36.77,36.169998,36.560001,7323400,33.876963,,
12/12/11,36.200001,36.77,35.919998,36.650002,10050800,33.960358,,
12/13/11,36.689999,37.119999,36.18,36.330002,12708800,33.663842,,
12/14/11,35.700001,36,35.119999,35.16,10664000,33.126801,,
12/15/11,35.52,35.720001,34.990002,35.189999,9876100,33.155065,,
12/16/11,35.450001,35.740002,35.150002,35.32,20350200,33.277548,,
12/19/11,35.389999,35.549999,34.509998,34.75,11436800,32.74051,,
12/20/11,35.169998,36.380001,35.150002,36.169998,10126200,34.078394,,
12/21/11,36.23,36.700001,35.75,36.27,8226200,34.172613,,
12/22/11,36.380001,37,36.259998,36.950001,8067600,34.813291,,
12/23/11,37.130001,37.720001,37.110001,37.700001,6788700,35.519921,,
12/27/11,37.610001,37.799999,37.400002,37.610001,5189500,35.435125,,
12/28/11,37.650002,37.709999,37.169998,37.240002,4634300,35.086522,,
12/29/11,37.450001,37.799999,37.25,37.709999,5022500,35.529341,,
12/30/11,37.73,37.799999,37.360001,37.5,4776100,35.331485,,
1/3/12,37.970001,38.459999,37.939999,38.310001,9704200,36.094647,,
1/4/12,38.189999,38.990002,38.119999,38.849998,9889900,36.603417,,
1/5/12,38.830002,39.580002,38.700001,39.5,14327100,37.215831,,
1/6/12,39.549999,40.150002,39.450001,39.91,14401600,37.602122,,
1/9/12,39.740002,40.25,39.59,39.75,12145200,37.451375,,
1/10/12,39.48,39.91,39.16,39.630001,14070900,37.338315,,
1/11/12,39.389999,39.529999,38.450001,38.700001,16257600,36.462094,,
1/12/12,38.619999,38.860001,38.41,38.73,10073400,36.490358,,
1/13/12,38.470001,38.59,38.02,38.400002,9877700,36.179443,,
1/17/12,38.689999,38.98,38.41,38.48,9142800,36.254814,,
1/18/12,38.509998,39.099998,38.400002,39.02,9594500,36.763589,,
1/19/12,39.009998,39.470001,39,39.439999,7731000,37.1593,,
1/20/12,39.419998,39.439999,39.099998,39.310001,7879900,37.03682,,
1/23/12,39.380001,39.5,38.959999,39.25,7124600,36.980288,,
1/24/12,39.029999,39.27,38.57,39.25,9407000,36.980288,,
1/25/12,39.119999,39.68,38.959999,39.560001,10054000,37.272363,,
1/26/12,39.59,39.75,39.060001,39.349998,7162600,37.074504,,
1/27/12,39.27,39.5,38.98,39.25,9588400,36.980288,,
1/30/12,38.740002,39.110001,38.380001,38.990002,8683200,36.735325,,
1/31/12,39.080002,39.310001,38.66,38.900002,14020100,36.650529,,
2/1/12,39.25,39.669998,39.16,39.330002,8901000,37.055664,,
2/2/12,39.220001,39.25,38.560001,38.91,9076800,36.659949,,
2/3/12,39.43,40,39.360001,40,11605300,37.686918,,
2/6/12,40,40.59,39.959999,40.459999,11536500,38.120316,,
2/7/12,40.73,41.150002,40.200001,40.98,20107300,38.610247,,
2/8/12,41.369999,41.91,40.990002,41.27,21690200,38.883478,,
2/9/12,40.75,41.639999,40.549999,41.529999,13581000,39.128441,,
2/10/12,40.939999,41.450001,40.830002,41.450001,10116300,39.053069,,
2/13/12,41.619999,41.919998,41.59,41.790001,9065800,39.373408,,
2/14/12,41.5,41.619999,41.259998,41.599998,8210300,39.194393,,
2/15/12,41.48,41.75,41.130001,41.25,7891200,38.864634,,
2/16/12,41.23,41.73,41.080002,41.540001,7464500,39.137865,,
2/17/12,41.709999,41.860001,41.549999,41.75,7758700,39.33572,,
2/21/12,41.799999,41.900002,41.490002,41.57,5675100,39.166129,,
2/22/12,41.549999,41.709999,41.150002,41.27,6176200,38.883478,,
2/23/12,41.279999,41.669998,41.09,41.48,6271000,39.081333,,
2/24/12,41.439999,41.580002,41.23,41.310001,6150600,38.921166,,
2/27/12,41.700001,41.950001,41.299999,41.639999,9132300,39.232081,,
2/28/12,41.75,41.970001,41.549999,41.93,6895200,39.505312,,
2/29/12,41.869999,42.369999,41.849998,41.990002,14858700,39.561844,,
3/1/12,42.130001,42.540001,42.130001,42.389999,7995900,39.938711,,
3/2/12,42.259998,42.529999,42.040001,42.360001,5070500,39.910447,,
3/5/12,42.349998,42.77,42.110001,42.700001,9288800,40.230785,,
3/6/12,42.240002,42.32,41.73,42,10434500,39.571264,,
3/7/12,42,42.07,41.700001,41.75,7793500,39.33572,,
3/8/12,41.990002,42.32,41.950001,42.02,6163800,39.590108,,
3/9/12,42.119999,42.57,42.029999,42.240002,6896400,39.797387,,
3/12/12,42.529999,42.849998,42.150002,42.34,6834500,39.891603,,
3/13/12,42.549999,44.080002,42.43,44.009998,15051900,41.46503,,
3/14/12,43.59,43.700001,42.900002,43.48,10991300,40.965679,,
3/15/12,43.5,43.5,43.169998,43.470001,6123600,40.956259,,
3/16/12,43.419998,43.52,43.18,43.189999,8952100,40.692448,,
3/19/12,43.07,43.580002,42.950001,43.439999,6382500,40.927991,,
3/20/12,43,43.310001,42.93,43.240002,6853900,40.73956,,
3/21/12,43.419998,43.869999,43.27,43.27,9582000,40.767824,,
3/22/12,43.080002,43.400002,43.009998,43.290001,8560200,40.786668,,
3/23/12,43.330002,43.709999,42.860001,43.650002,8519000,41.12585,,
3/26/12,43.939999,44.41,43.919998,44.380001,10850200,41.813636,,
3/27/12,44.389999,44.5,44.09,44.150002,9343100,41.596937,,
3/28/12,44.040001,44.150002,43.259998,43.509998,9444300,40.993943,,
3/29/12,43.200001,43.27,42.299999,43.009998,10402500,40.522857,,
3/30/12,43.52,43.849998,43.099998,43.779999,9096000,41.24833,,
4/2/12,43.59,44,43.32,43.84,7653800,41.304862,,
4/3/12,43.669998,43.75,42.91,43.290001,7996400,40.786668,,
4/4/12,42.900002,42.990002,42.48,42.93,8560700,40.447485,,
4/5/12,42.84,43.18,42.68,43.080002,6340800,40.588812,,
4/9/12,42.130001,42.27,41.959999,42.110001,6813500,39.674903,,
4/10/12,41.869999,42.130001,40.880001,40.990002,10682100,38.619671,,
4/11/12,41.509998,41.700001,41.240002,41.369999,6358400,38.977694,,
4/12/12,41.43,42.200001,41.25,42.150002,5538400,39.712591,,
4/13/12,42.029999,42.220001,41.700001,41.849998,7311700,39.429936,,
4/16/12,42.060001,42.130001,41.540001,41.66,6109300,39.250925,,
4/17/12,41.880001,42.740002,41.880001,42.68,6550300,40.211942,,
4/18/12,42.48,42.610001,42.32,42.490002,3781900,40.03293,,
4/19/12,42.43,42.509998,41.799999,42.080002,7074200,39.646639,,
4/20/12,42.240002,42.84,42.240002,42.349998,7773100,39.901023,,
4/23/12,42.25,42.25,41.73,42.009998,6592100,39.580684,,
4/24/12,42.029999,42.43,41.970001,42.18,4954600,39.740855,,
4/25/12,42.400002,42.759998,42.380001,42.700001,4926300,40.230785,,
4/26/12,42.740002,43.560001,42.689999,43.360001,7713000,40.852619,,
4/27/12,43.599998,43.650002,43.119999,43.349998,6354200,40.843196,,
4/30/12,43.32,43.349998,42.84,43.110001,6987200,40.617076,,
5/1/12,43.18,44.09,43.150002,43.790001,9316200,41.257754,,
5/2/12,43.57,43.810001,43.299999,43.540001,8038200,41.022211,,
5/3/12,43.540001,44.130001,43.490002,43.810001,9353900,41.276598,,
5/4/12,43.599998,43.709999,42.84,42.93,7458800,40.447485,,
5/7/12,43.650002,43.950001,43.310001,43.82,11780500,41.286018,,
5/8/12,43.779999,44.490002,43.09,44.299999,19680900,41.738261,,
5/9/12,44.459999,45.799999,44.41,45.02,21348300,42.416626,,
5/10/12,45.139999,45.59,45.049999,45.279999,14082900,42.66159,,
5/11/12,45.130001,45.799999,45,45.560001,9779300,42.925401,,
5/14/12,45.169998,45.5,44.98,45.169998,8059400,42.55795,,
5/15/12,45.23,45.799999,44.919998,45.009998,10168800,42.407203,,
5/16/12,45.150002,45.549999,45.060001,45.080002,8399800,42.473158,,
5/17/12,45.150002,45.23,44.299999,44.330002,8475100,41.766528,,
5/18/12,44.459999,44.490002,43.619999,43.810001,10598200,41.276598,,
5/21/12,43.810001,44.41,43.509998,44.389999,8309300,41.823056,,
5/22/12,44.490002,44.700001,44.130001,44.389999,6855400,41.823056,,
5/23/12,44.240002,44.459999,43.810001,44.209999,8875700,41.653465,,
5/24/12,44.41,44.610001,44.009998,44.439999,9813200,41.870164,,
5/25/12,44.490002,44.959999,44.380001,44.5,8520700,41.926696,,
5/29/12,44.700001,45.5,44.599998,45.48,10560000,42.850025,,
5/30/12,45.02,45.48,44.860001,45.200001,11208700,42.586218,,
5/31/12,45.130001,46.099998,45.060001,45.709999,14646500,43.066724,,
6/1/12,45.150002,45.349998,44.34,44.400002,14874500,41.83248,,
6/4/12,44.470001,44.689999,44.139999,44.41,9480300,41.8419,,
6/5/12,44.509998,44.919998,44.200001,44.84,11166600,42.247035,,
6/6/12,45.02,45.599998,45,45.529999,9494400,42.897133,,
6/7/12,45.84,46.220001,45.529999,45.630001,10238900,42.991352,,
6/8/12,45.700001,46.25,45.59,46.240002,10716400,43.566079,,
6/11/12,46.349998,46.630001,45.73,45.799999,7907400,43.15152,,
6/12/12,45.75,46.41,45.580002,46.380001,7742900,43.697982,,
6/13/12,46.25,46.650002,45.990002,46.23,7317600,43.556655,,
6/14/12,46.400002,47.450001,46.209999,47.18,12553900,44.45172,,
6/15/12,47.41,47.43,46.919998,47.09,11198200,44.366924,,
6/18/12,46.959999,47.400002,46.799999,47.099998,8821100,44.376344,,
6/19/12,47.43,48,47.279999,47.509998,8209000,44.762635,,
6/20/12,47.639999,47.970001,47.43,47.73,7264700,44.969914,,
6/21/12,47.799999,47.889999,47.220001,47.400002,10077700,44.658999,,
6/22/12,47.389999,47.52,46.91,47.470001,18881600,44.724951,,
6/25/12,47.220001,47.23,46.549999,46.700001,6740600,43.999477,,
6/26/12,46.880001,47.470001,46.82,47.299999,7279900,44.56478,,
6/27/12,47.27,48.080002,47.23,47.869999,6023500,45.101818,,
6/28/12,47.669998,47.84,46.98,47.82,6674200,45.05471,,
6/29/12,48.52,48.950001,48.220001,48.5,10300500,45.695388,,
7/2/12,48.619999,48.75,48.240002,48.720001,7275600,45.902667,,
7/3/12,48.669998,48.75,48.419998,48.59,3060800,45.780184,,
7/5/12,48.279999,48.549999,47.830002,48.110001,7770100,45.327941,,
7/6/12,47.77,48.18,47.700001,48.040001,5623100,45.261989,,
7/9/12,48.060001,48.18,47.759998,48,5596200,45.224301,,
7/10/12,48.169998,48.380001,47.18,47.360001,8787500,44.621311,,
7/11/12,47.450001,47.59,46.970001,47.27,6501000,44.536516,,
7/12/12,47.380001,47.799999,46.849998,47.41,8270700,44.668419,,
7/13/12,47.400002,48.380001,47.380001,48.189999,7187300,45.403313,,
7/16/12,47.959999,48.119999,47.689999,47.860001,5675200,45.092398,,
7/17/12,48.439999,49.919998,48.400002,49.349998,15909900,46.496233,,
7/18/12,49.139999,49.669998,48.959999,49.349998,7677500,46.496233,,
7/19/12,49.389999,49.619999,48.73,48.990002,9330800,46.157054,,
7/20/12,48.599998,48.950001,48.5,48.59,8482300,45.780184,,
7/23/12,47.77,48.060001,47.419998,47.98,8333100,45.205457,,
7/24/12,48.029999,48.330002,47.689999,48.16,8955100,45.375049,,
7/25/12,48.330002,48.639999,48.009998,48.299999,7034000,45.506953,,
7/26/12,49.060001,49.869999,49.060001,49.709999,10497100,46.835416,,
7/27/12,49.889999,50.540001,49.689999,49.939999,16174800,47.052116,,
7/30/12,49.950001,50.139999,49.650002,49.799999,8890600,46.920212,,
7/31/12,49.779999,49.849998,49.09,49.139999,10503000,46.298378,,
8/1/12,49.330002,49.529999,48.720001,48.82,6780200,45.996883,,
8/2/12,48.599998,48.990002,48.130001,48.98,9559000,46.14763,,
8/3/12,49.810001,49.869999,49.360001,49.77,8187800,46.891948,,
8/6/12,49.970001,50,49.650002,49.650002,6353300,46.778888,,
8/7/12,50.009998,50.310001,49.720001,49.810001,13676500,46.929636,,
8/8/12,49.360001,50.650002,49.049999,50.490002,14724900,47.570314,,
8/9/12,50.279999,50.470001,49.849998,49.959999,10430300,47.070959,,
8/10/12,49.900002,49.919998,49.32,49.650002,7449500,46.778888,,
8/13/12,49.529999,49.990002,49.459999,49.860001,4875000,46.976744,,
8/14/12,49.93,50.150002,49.529999,49.689999,6365900,46.816572,,
8/15/12,49.650002,49.970001,49.650002,49.889999,4887100,47.005008,,
8/16/12,49.990002,50.419998,49.799999,50.25,8285700,47.34419,,
8/17/12,50.369999,50.549999,50.330002,50.459999,6354700,47.542046,,
8/20/12,50.32,50.59,50.150002,50.450001,6937100,47.532626,,
8/21/12,50.41,50.48,49.509998,49.639999,7683200,46.769464,,
8/22/12,49.599998,50.150002,49.5,49.66,6759400,46.788308,,
8/23/12,49.610001,49.66,49.029999,49.169998,5428300,46.326642,,
8/24/12,49.080002,49.610001,49.009998,49.560001,5793700,46.694092,,
8/27/12,49.490002,49.849998,49.41,49.630001,6228800,46.760044,,
8/28/12,49.439999,49.849998,49.290001,49.630001,7962400,46.760044,,
8/29/12,49.639999,50.169998,49.59,50.040001,7685100,47.146335,,
8/30/12,49.720001,49.779999,49.369999,49.419998,6697800,46.562185,,
8/31/12,49.639999,49.900002,49.400002,49.470001,6232500,46.609297,,
9/4/12,49.52,49.830002,49.23,49.66,6988700,46.788308,,
9/5/12,50.139999,51.240002,50.09,50.790001,16689300,47.852965,,
9/6/12,50.700001,51.869999,50.639999,51.860001,10124600,48.861089,,
9/7/12,51.869999,52,51.66,51.740002,8923600,48.74803,,
9/10/12,51.610001,51.799999,51.48,51.52,7479300,48.540751,,
9/11/12,51.470001,51.669998,51.43,51.560001,6631700,48.578438,,
9/12/12,51.599998,51.790001,51.27,51.700001,7100200,48.710342,,
9/13/12,51.73,52.669998,51.73,52.599998,11184700,49.558295,,
9/14/12,52.450001,52.75,52.169998,52.349998,9507000,49.322752,,
9/17/12,52.32,52.43,51.959999,52.150002,7852900,49.13432,,
9/18/12,52.029999,52.119999,51.77,51.900002,7100800,48.898777,,
9/19/12,51.779999,52.950001,51.779999,52.700001,7822500,49.652515,,
9/20/12,52.43,52.91,52.43,52.66,8598300,49.614827,,
9/21/12,52.939999,53.389999,52.73,52.740002,13229300,49.690203,,
9/24/12,52.669998,53.049999,52.610001,52.919998,6148000,49.859791,,
9/25/12,52.889999,53.400002,52.540001,52.540001,7421200,49.501767,,
9/26/12,52.419998,52.599998,51.77,51.939999,8017900,48.936461,,
9/27/12,52.119999,52.779999,51.970001,52.580002,5309400,49.539455,,
9/28/12,52.41,52.529999,52.049999,52.279999,6695200,49.2568,,
10/1/12,52.310001,52.860001,51.919998,52.07,6557200,49.058945,,
10/2/12,52.130001,52.25,51.470001,51.639999,7243900,48.65381,,
10/3/12,51.720001,52.689999,51.689999,52.470001,6626600,49.435816,,
10/4/12,52.720001,53.080002,52.389999,52.630001,6507800,49.586563,,
10/5/12,52.84,53.150002,52.759998,52.970001,5223200,49.906902,,
10/8/12,52.369999,52.5,52.110001,52.330002,5827900,49.303912,,
10/9/12,52.32,52.330002,51.459999,51.509998,8072100,48.531327,,
10/10/12,51.389999,51.630001,51.09,51.209999,6407900,48.248676,,
10/11/12,51.330002,51.560001,50.200001,50.34,10118400,47.428986,,
10/12/12,50.549999,50.75,50.419998,50.59,6135600,47.664529,,
10/15/12,50.59,50.810001,50.360001,50.790001,6871200,47.852965,,
10/16/12,51.169998,51.5,51.080002,51.240002,4997300,48.276943,,
10/17/12,51.400002,52.400002,51.330002,52.290001,7787900,49.266224,,
10/18/12,52.259998,52.740002,52.119999,52.419998,6290600,49.388704,,
10/19/12,52.5,52.59,51.599998,51.900002,8454800,48.898777,,
10/22/12,51.810001,52.049999,51.400002,51.790001,6131800,48.795138,,
10/23/12,51.330002,51.349998,50.75,50.759998,8531000,47.824697,,
10/24/12,50.950001,51.080002,50.560001,50.650002,6069500,47.721061,,
10/25/12,50.93,51.029999,49.959999,50.259998,6794100,47.353611,,
10/26/12,50.360001,50.540001,49.52,50.080002,8359800,47.184023,,
10/31/12,51.150002,51.240002,48.799999,49.119999,20702900,46.279534,,
11/1/12,49.279999,50.310001,49.279999,49.779999,10582900,46.901368,,
11/2/12,50.630001,50.990002,49.77,49.860001,14027500,46.976744,,
11/5/12,50.810001,50.860001,49.82,50.32,9575100,47.410142,,
11/6/12,50.57,50.700001,50.080002,50.470001,7691200,47.55147,,
11/7/12,50.650002,50.650002,49.59,50.080002,8533200,47.184023,,
11/8/12,50.09,50.84,49.919998,50.040001,11124200,47.146335,,
11/9/12,46.990002,47.950001,46.529999,47.060001,34216900,44.33866,,
11/12/12,47.490002,47.630001,46.959999,47.450001,12344500,44.706107,,
11/13/12,47.279999,48.419998,47.279999,47.959999,12269300,45.186614,,
11/14/12,48.029999,48.040001,47.049999,47.169998,9776400,44.442296,,
11/15/12,47.240002,47.639999,46.959999,47.470001,11416900,44.724951,,
11/16/12,47.59,47.759998,47.049999,47.419998,9833400,44.677839,,
11/19/12,47.700001,48.029999,47.450001,47.91,8512400,45.139506,,
11/20/12,47.779999,48.5,47.66,48.439999,7465100,45.638856,,
11/21/12,48.5,48.950001,48.400002,48.68,6763300,45.864979,,
11/23/12,48.889999,49.279999,48.799999,49.259998,3353600,46.411438,,
11/26/12,48.98,49.43,48.91,49.029999,6935800,46.194738,,
11/27/12,49.060001,49.200001,48.529999,48.599998,6720400,45.789604,,
11/28/12,48.470001,49.25,47.84,49.200001,8148500,46.35491,,
11/29/12,49.509998,49.849998,49.32,49.720001,7232200,46.84484,,
11/30/12,49.810001,49.939999,49.25,49.66,12343900,46.788308,,
12/3/12,49.77,50,49.27,49.290001,8395400,46.439705,,
12/4/12,49.25,49.450001,48.849998,49.299999,8400900,46.449125,,
12/5/12,49.43,49.900002,49.139999,49.59,9182300,46.722356,,
12/6/12,48.779999,49.130001,48.560001,49.060001,4828900,46.932818,,
12/7/12,49.18,49.380001,49.009998,49.240002,5279200,47.105014,,
12/10/12,49.209999,49.509998,49.189999,49.299999,5264500,47.16241,,
12/11/12,49.369999,49.990002,49.360001,49.48,9040000,47.334606,,
12/12/12,49.759998,50.07,49.419998,49.639999,6474300,47.487668,,
12/13/12,49.610001,49.689999,48.91,49.110001,6108000,46.98065,,
12/14/12,49.009998,49.119999,48.549999,48.669998,8086400,46.559725,,
12/17/12,48.720001,49.32,48.669998,49.279999,10324500,47.143277,,
12/18/12,49.349998,50.32,49.150002,50.220001,14023800,48.042522,,
12/19/12,50.150002,50.509998,49.939999,49.939999,8382100,47.77466,,
12/20/12,49.830002,51.060001,49.830002,50.93,8410700,48.721736,,
12/21/12,50.41,50.75,49.68,50,15996900,47.83206,,
12/24/12,49.919998,50.200001,49.84,49.880001,2772000,47.717264,,
12/26/12,49.849998,49.98,49.450001,49.849998,4200200,47.688562,,
12/27/12,49.799999,50,48.900002,49.529999,6948200,47.382437,,
12/28/12,49.349998,49.700001,49.02,49.150002,6985800,47.018916,,
12/31/12,48.889999,49.799999,48.799999,49.790001,10224500,47.631166,,
1/2/13,50.799999,51.25,50.639999,51.099998,11674700,48.884364,,
1/3/13,51.049999,51.34,50.84,51.209999,7566600,48.989595,,
1/4/13,51.380001,52.34,51.330002,52.189999,8745900,49.927103,,
1/7/13,51.759998,51.759998,50.66,50.970001,9472100,48.760003,,
1/8/13,50.880001,51.18,50.57,50.759998,8637600,48.559106,,
1/9/13,50.93,51.5,50.759998,50.779999,8389000,48.578239,,
1/10/13,50.869999,51.240002,50.59,50.790001,8097400,48.587807,,
1/11/13,50.82,51.02,50.450001,50.580002,7149000,48.386914,,
1/14/13,50.400002,50.830002,50.18,50.59,9308800,48.396478,,
1/15/13,50.470001,51.150002,50.43,51.09,7299500,48.874799,,
1/16/13,50.849998,51.779999,50.799999,51.529999,7371800,49.29572,,
1/17/13,51.84,52.700001,51.84,52.41,10132100,50.137565,,
1/18/13,52.240002,52.34,51.810001,52.34,8490900,50.0706,,
1/22/13,52.389999,52.799999,52.18,52.73,6635200,50.44369,,
1/23/13,52.860001,54.16,52.779999,53.950001,13842700,51.610793,,
1/24/13,54.029999,54.869999,53.919998,53.950001,13608000,51.610793,,
1/25/13,53.799999,54.560001,53.610001,54.380001,7939400,52.022149,,
1/28/13,54.279999,54.560001,54.099998,54.360001,7133500,52.003016,,
1/29/13,54.150002,54.209999,53.529999,53.990002,7786400,51.64906,,
1/30/13,53.849998,54,53.549999,53.790001,9821800,51.457731,,
1/31/13,53.84,54.25,53.650002,53.880001,7333900,51.543829,,
2/1/13,54.18,54.869999,54.150002,54.59,9552300,52.223043,,
2/4/13,54.16,54.5,53.799999,53.900002,7717400,51.562962,,
2/5/13,54.360001,54.41,54,54.290001,10246400,51.936051,,
2/6/13,55.400002,55.5,54.41,54.52,26833600,52.156079,,
2/7/13,54.07,54.48,53.41,54.360001,11723200,52.003016,,
2/8/13,54.380001,54.720001,54.310001,54.66,9584300,52.290008,,
2/11/13,54.650002,54.98,54.59,54.75,6358600,52.376106,,
2/12/13,54.77,55.049999,54.689999,54.950001,8758100,52.567435,,
2/13/13,55.080002,55.299999,54.669998,54.959999,5701400,52.576999,,
2/14/13,54.919998,55.169998,54.709999,54.880001,8564500,52.50047,,
2/15/13,55.049999,55.619999,54.889999,55.610001,17783400,53.198818,,
2/19/13,55.580002,55.950001,55.57,55.73,7780500,53.313613,,
2/20/13,55.619999,55.82,54.560001,54.599998,8460700,52.232608,,
2/21/13,54.580002,54.82,54.009998,54.169998,6802500,51.821252,,
2/22/13,54.389999,54.580002,53.93,54.25,7603600,51.897785,,
2/25/13,54.599998,54.790001,53.59,53.59,9830200,51.266402,,
2/26/13,53.810001,54.040001,53.599998,53.900002,6238300,51.562962,,
2/27/13,53.900002,54.66,53.849998,54.48,7243500,52.117812,,
2/28/13,54.540001,55.040001,54.389999,54.59,6605000,52.223043,,
3/1/13,54.310001,55.369999,54.299999,55.330002,8311500,52.930959,,
3/4/13,55.16,55.84,55,55.799999,6357400,53.380578,,
3/5/13,55.950001,56.580002,55.900002,56.48,7067900,54.031094,,
3/6/13,56.529999,56.84,56.25,56.360001,5572600,53.916298,,
3/7/13,56.360001,56.470001,56.009998,56.32,4813700,53.878032,,
3/8/13,56.560001,57.509998,56.52,57.389999,8157800,54.901638,,
3/11/13,57.389999,57.75,57.34,57.66,7155200,55.159931,,
3/12/13,57.52,57.630001,56.700001,57.110001,7159100,54.633779,,
3/13/13,57.16,57.439999,56.939999,57.34,5209800,54.853806,,
3/14/13,57.349998,57.82,57.27,57.75,5908200,55.246029,,
3/15/13,57.5,57.779999,57.34,57.580002,13788100,55.083402,,
3/18/13,57.080002,57.189999,56.75,56.830002,5125800,54.365921,,
3/19/13,56.830002,57.049999,55.759998,56.310001,8884200,53.868467,,
3/20/13,56.59,57.150002,56.540001,56.939999,6018700,54.471148,,
3/21/13,56.740002,56.849998,56.16,56.310001,5168500,53.868467,,
3/22/13,56.650002,57.099998,56.52,56.779999,5500200,54.318086,,
3/25/13,57,57.110001,55.869999,56.209999,7881500,53.772801,,
3/26/13,56.41,56.73,56.330002,56.630001,4675600,54.174592,,
3/27/13,56.34,56.5,55.990002,56.470001,6392400,54.02153,,
3/28/13,56.59,56.939999,56.5,56.799999,6705600,54.337219,,
4/1/13,56.889999,57.139999,56.150002,56.689999,6722400,54.231988,,
4/2/13,57.040001,57.459999,56.959999,57.459999,6575300,54.968602,,
4/3/13,57.639999,57.75,57,57.25,8101000,54.767709,,
4/4/13,57.279999,57.720001,57.18,57.59,6412400,55.092967,,
4/5/13,56.889999,57.73,56.369999,57.700001,7034700,55.198198,,
4/8/13,57.830002,58.82,57.759998,58.82,9796200,56.269635,,
4/9/13,58.720001,59.240002,58.52,59.139999,8864800,56.57576,,
4/10/13,59.369999,60.139999,59.34,60.110001,8438100,57.503703,,
4/11/13,60.110001,60.669998,60.02,60.549999,9241800,57.924624,,
4/12/13,60.290001,60.73,60.27,60.549999,8533000,57.924624,,
4/15/13,60.259998,60.669998,58.84,58.880001,12027900,56.327035,,
4/16/13,59.259998,60.75,59.080002,60.75,10309400,58.115953,,
4/17/13,60.349998,60.689999,60.02,60.68,11531200,58.048988,,
4/18/13,60.639999,60.669998,59.880001,59.990002,9203200,57.388907,,
4/19/13,60.25,61.560001,60.25,61.560001,9488300,58.890833,,
4/22/13,61.59,62.099998,61.150002,62.009998,6306900,59.321319,,
4/23/13,62.400002,62.619999,61.540001,62.59,6260800,59.876173,,
4/24/13,62.709999,62.900002,61.59,61.939999,7335400,59.254354,,
4/25/13,62.009998,62.169998,61.549999,62,6680900,59.311754,,
4/26/13,62.060001,62.290001,61.549999,61.869999,7038500,59.18739,,
4/29/13,62.82,63.25,62.59,63,7203900,60.268395,,
4/30/13,62.93,63.080002,62.439999,62.84,8528800,60.115333,,
5/1/13,62.880001,63.5,62.799999,63.209999,7468900,60.469289,,
5/2/13,63.400002,63.93,63.110001,63.880001,5249600,61.110241,,
5/3/13,64.18,64.849998,63.880001,64.800003,9196000,61.990352,,
5/6/13,65.089996,65.589996,64.510002,65.059998,10239600,62.239074,,
5/7/13,65.440002,66.089996,64.769997,66.07,14539100,63.205284,,
5/8/13,66,66,64.559998,65.989998,17803200,63.128751,,
5/9/13,65.730003,67.110001,65.510002,66.669998,11325000,63.779267,,
5/10/13,66.690002,67.43,66.339996,67.199997,8654000,64.286286,,
5/13/13,66.959999,67.519997,66.919998,67.32,5195000,64.401085,,
5/14/13,67.43,67.489998,66.980003,67.470001,9675400,64.544583,,
5/15/13,67.419998,67.790001,67.18,67.669998,7925900,64.735908,,
5/16/13,67.620003,67.889999,66.199997,66.470001,8473100,63.587942,,
5/17/13,66.160004,66.580002,65.68,66.580002,9160100,63.693173,,
5/20/13,66.580002,66.599998,66.050003,66.120003,5893300,63.253119,,
5/21/13,66.349998,66.400002,65.709999,65.830002,7359100,62.975692,,
5/22/13,65.760002,66.709999,65.269997,65.57,8142400,62.726963,,
5/23/13,64.870003,65.440002,64.239998,65.230003,7536200,62.401709,,
5/24/13,64.75,65.529999,64.389999,65.489998,8846100,62.65043,,
5/28/13,65.980003,66.760002,65.919998,66.690002,8280000,63.798404,,
5/29/13,66.370003,66.480003,65.739998,66.260002,6954000,63.387048,,
5/30/13,66.440002,67.110001,64.32,64.650002,13052700,61.846855,,
5/31/13,64.57,65.029999,63.07,63.080002,11280900,60.344928,,
6/3/13,63.060001,63.82,62.529999,63.799999,8705600,61.033708,,
6/4/13,63.93,64.93,63.860001,64.349998,8147700,61.55986,,
6/5/13,64.050003,64.120003,62.799999,63.119999,8893600,60.383191,,
6/6/13,63.099998,63.32,62.040001,63.139999,8661900,60.402325,,
6/7/13,63.630001,64.870003,63.25,64.849998,7611300,62.03818,,
6/10/13,64.910004,64.970001,63.700001,63.830002,6729500,61.062409,,
6/11/13,63.32,64.300003,62.970001,63.799999,6454800,61.033708,,
6/12/13,64.32,64.449997,62.869999,62.990002,7663200,60.258831,,
6/13/13,62.990002,64.400002,62.52,64.300003,5584900,61.512032,,
6/14/13,64.010002,64.43,63.630001,63.799999,5311800,61.033708,,
6/17/13,64.300003,65.129997,64.25,64.489998,6752000,61.693789,,
6/18/13,64.610001,65.489998,64.559998,65.290001,5234400,62.459105,,
6/19/13,65.190002,65.550003,64.330002,64.330002,6871400,61.54073,,
6/20/13,63.220001,63.52,61.82,61.98,12260800,59.292621,,
6/21/13,62.619999,63.080002,61.82,62.73,11892400,60.010102,,
6/24/13,62.25,62.990002,61.82,62.439999,6494500,59.732675,,
6/25/13,62.880001,63.099998,62.5,62.57,6776700,59.857039,,
6/26/13,62.950001,63.459999,62.75,63.209999,5720400,60.469289,,
6/27/13,63.650002,63.970001,63.450001,63.720001,4875900,60.957178,,
6/28/13,63.759998,64.519997,63.150002,63.150002,10560300,60.411893,,
7/1/13,63.84,64.919998,63.630001,63.93,8221600,61.158072,,
7/2/13,63.830002,64.139999,63.080002,63.259998,7690500,60.517121,,
7/3/13,62.849998,63.830002,62.57,63.610001,3351800,60.851947,,
7/5/13,63.880001,63.950001,63.110001,63.82,5645800,61.052841,,
7/8/13,64.279999,64.790001,64.160004,64.709999,6679700,61.904251,,
7/9/13,65.32,65.540001,64.650002,64.940002,4556400,62.124282,,
7/10/13,64.860001,65.300003,64.57,64.910004,5761700,62.095584,,
7/11/13,65.650002,66.830002,65.650002,66.580002,8329800,63.693173,,
7/12/13,66.389999,67,65.93,66.980003,5889900,64.075831,,
7/15/13,67.019997,67.360001,65.889999,65.93,6458000,63.071354,,
7/16/13,65.949997,66.099998,64.93,65.029999,7470900,62.210376,,
7/17/13,65.419998,65.459999,64.760002,65.360001,6846700,62.526069,,
7/18/13,65.699997,66.370003,65.660004,65.82,4962800,62.966123,,
7/19/13,65.889999,66.029999,64.910004,65.160004,7220400,62.334744,,
7/22/13,65.150002,65.330002,64.260002,64.400002,5973600,61.607695,,
7/23/13,64.599998,64.769997,64.330002,64.449997,4534500,61.655522,,
7/24/13,64.589996,65.120003,64.529999,64.639999,5326800,61.837286,,
7/25/13,64.32,64.739998,64.260002,64.550003,5407800,61.751192,,
7/26/13,64.470001,65.07,64.110001,64.980003,4949600,62.162548,,
7/29/13,64.800003,65.029999,64.470001,64.610001,3805800,61.808588,,
7/30/13,64.699997,64.870003,64.099998,64.18,6210500,61.397232,,
7/31/13,64.43,65.120003,64.379997,64.650002,7155300,61.846855,,
8/1/13,65.160004,65.870003,65.129997,65.360001,6338100,62.526069,,
8/2/13,65.559998,66.589996,65.330002,66.510002,6098500,63.626208,,
8/5/13,66.5,66.540001,65.610001,66.019997,7265800,63.157449,,
8/6/13,66.089996,67.160004,65.970001,67.050003,11546300,64.142795,,
8/7/13,64.93,66.300003,64.120003,65.910004,16970500,63.052225,,
8/8/13,66.339996,66.459999,65.199997,65.75,8826400,62.899159,,
8/9/13,65.470001,65.75,64.599998,64.730003,7945500,61.923388,,
8/12/13,64.260002,64.43,63.669998,63.93,8004900,61.158072,,
8/13/13,64.260002,64.260002,63.41,63.98,6025100,61.205903,,
8/14/13,63.950001,64.169998,63.470001,63.959999,6413700,61.18677,,
8/15/13,63.279999,63.32,62.200001,62.380001,9014100,59.675279,,
8/16/13,61.970001,62.5,61.709999,62.169998,8238800,59.474381,,
8/19/13,62.150002,62.18,61.830002,61.830002,5659900,59.149127,,
8/20/13,61.790001,62.389999,61.790001,61.880001,5192100,59.196958,,
8/21/13,61.619999,61.880001,61.09,61.139999,7185400,58.489042,,
8/22/13,61.32,61.82,61.16,61.639999,5302300,58.967363,,
8/23/13,61.959999,61.990002,61.459999,61.73,5505900,59.053461,,
8/26/13,61.759998,62.110001,61.330002,61.349998,4499100,58.689936,,
8/27/13,60.900002,61.349998,60.57,60.689999,7734500,58.058553,,
8/28/13,60.439999,61.150002,60.41,60.810001,7161700,58.173353,,
8/29/13,60.77,61.52,60.549999,61.080002,5396200,58.431646,,
8/30/13,61.139999,61.27,60.549999,60.830002,5404100,58.192486,,
9/3/13,61.419998,61.990002,60.599998,60.93,7016400,58.288148,,
9/4/13,60.919998,61.220001,60.52,61.110001,14014600,58.460344,,
9/5/13,61.07,61.599998,60.959999,61.299999,6356600,58.642105,,
9/6/13,61.470001,61.830002,60.630001,61.389999,7319400,58.728203,,
9/9/13,61.599998,61.84,61.27,61.59,7224500,58.919531,,
9/10/13,62.09,62.970001,61.93,62.830002,9919600,60.105768,,
9/11/13,63.119999,63.939999,62.98,63.939999,9439700,61.167637,,
9/12/13,63.799999,66.349998,63.41,65.489998,22426500,62.65043,,
9/13/13,65.870003,67.029999,65.5,66.690002,12718700,63.798404,,
9/16/13,67.32,67.650002,66.879997,66.940002,9716500,64.037564,,
9/17/13,66.830002,67.199997,66.720001,66.980003,6450700,64.075831,,
9/18/13,66.669998,67.370003,66.209999,67.110001,9865600,64.200191,,
9/19/13,66.389999,66.5,65.400002,65.720001,11864800,62.870461,,
9/20/13,65.610001,65.839996,64.910004,65.010002,29076200,62.191246,,
9/23/13,65.040001,65.480003,64.68,64.75,8286600,61.942518,,
9/24/13,64.940002,65.160004,64.279999,64.32,8272800,61.531162,,
9/25/13,64.419998,64.93,64.199997,64.449997,7281400,61.655522,,
9/26/13,64.360001,65.290001,64.25,65.239998,6971200,62.41127,,
9/27/13,64.970001,65.440002,64.690002,65.190002,5586000,62.363442,,
9/30/13,64.730003,64.949997,64.389999,64.489998,7463200,61.693789,,
10/1/13,64.370003,65.25,64.360001,64.830002,4881200,62.019051,,
10/2/13,64.449997,65.339996,64.400002,64.879997,7218800,62.066878,,
10/3/13,64.720001,64.93,63.830002,64.019997,7264100,61.244166,,
10/4/13,64.019997,65.43,63.970001,65.300003,6546000,62.468673,,
10/7/13,64.809998,65.309998,64.57,64.589996,5840900,61.789451,,
10/8/13,64.519997,64.769997,63.970001,64,8636300,61.225037,,
10/9/13,64.019997,64.18,63.099998,63.59,8746900,60.832814,,
10/10/13,64.480003,65.669998,64.290001,65.580002,7676600,62.736531,,
10/11/13,65.660004,66.589996,65.5,66.209999,6735000,63.339213,,
10/14/13,65.879997,66.980003,65.779999,66.830002,6461500,63.932333,,
10/15/13,66.730003,66.940002,65.93,66.440002,5943100,63.559243,,
10/16/13,66.639999,66.860001,66.129997,66.349998,7724800,63.473142,,
10/17/13,66.190002,66.589996,65.980003,66.419998,6952100,63.540107,,
10/18/13,66.5,67.269997,65.989998,67.150002,7587000,64.238458,,
10/21/13,67.269997,67.629997,67.160004,67.610001,4845800,64.678512,,
10/22/13,67.940002,69.129997,67.75,69,7860700,66.008243,,
10/23/13,68.809998,69.199997,68.019997,68.120003,5864500,65.166401,,
10/24/13,68.18,69.190002,68.019997,69.050003,6045400,66.056078,,
10/25/13,69.32,69.870003,68.970001,69.260002,6613300,66.256971,,
10/28/13,69.349998,69.480003,68.919998,69,4469200,66.008243,,
10/29/13,69.120003,69.389999,68.779999,68.919998,4450200,65.93171,,
10/30/13,69.220001,69.300003,67.93,68.470001,5816100,65.501224,,
10/31/13,68.470001,69.300003,68.349998,68.589996,5706100,65.616016,,
11/1/13,68.709999,69.18,68.5,69.010002,5008600,66.017811,,
11/4/13,69.410004,69.550003,68.410004,68.809998,4790200,65.826478,,
11/5/13,68.769997,69.059998,68.059998,68.849998,5140600,65.864745,,
11/6/13,69.18,69.620003,68.620003,69,6503200,66.008243,,
11/7/13,69.339996,69.339996,67.089996,67.150002,10496300,64.238458,,
11/8/13,66.870003,69.410004,66.720001,68.580002,16182800,65.606455,,
11/11/13,68.480003,68.739998,68.190002,68.339996,4954000,65.376856,,
11/12/13,68.330002,68.449997,67.419998,67.769997,6586700,64.831571,,
11/13/13,67.43,68.989998,67.300003,68.970001,5681000,65.979545,,
11/14/13,69.139999,70.150002,69,70.019997,7246600,66.984013,,
11/15/13,69.769997,70.169998,69.550003,70,6184400,66.964884,,
11/18/13,70.059998,70.089996,69.330002,69.5,4904400,66.486563,,
11/19/13,69.489998,69.720001,69.040001,69.120003,4801700,66.123042,,
11/20/13,69.120003,69.919998,69.080002,69.230003,4726800,66.228273,,
11/21/13,69.459999,70.010002,69.269997,69.940002,4498300,66.907488,,
11/22/13,69.949997,70.330002,69.800003,70.199997,4667500,67.156209,,
11/25/13,70.540001,70.580002,69.599998,69.739998,5830600,66.716155,,
11/26/13,69.919998,71.690002,69.900002,71.18,8850000,68.093721,,
11/27/13,71.209999,71.25,70.459999,70.769997,5446100,67.701494,,
11/29/13,71.040001,71.269997,70.389999,70.540001,4801000,67.481471,,
12/2/13,70.790001,71.309998,70.760002,70.910004,6774600,67.835431,,
12/3/13,70.220001,70.410004,69.379997,69.900002,8304700,66.869221,,
12/4/13,69.419998,70.480003,69.32,69.970001,4883800,66.936186,,
12/5/13,70.290001,70.68,70.080002,70.230003,5587000,67.184914,,
12/6/13,70.970001,71.489998,70.769997,71.459999,5542000,68.361579,,
12/9/13,71.360001,71.480003,70.919998,71.110001,6477100,68.026756,,
12/10/13,70.910004,71.650002,70.900002,71.57,7112200,68.46681,,
12/11/13,71.730003,72.129997,70.43,70.519997,9519200,67.462334,,
12/12/13,69.279999,70.019997,68.800003,69.629997,8756300,67.433284,,
12/13/13,69.900002,70.129997,69.279999,69.620003,5784300,67.423604,,
12/16/13,69.910004,70.849998,69.910004,70.510002,6246600,68.285526,,
12/17/13,70.690002,70.910004,69.830002,70.660004,6829100,68.430795,,
12/18/13,70.959999,72.199997,70.139999,72.199997,7971400,69.922204,,
12/19/13,72.139999,73.080002,72.099998,72.970001,6768100,70.667916,,
12/20/13,73.099998,73.559998,72.339996,72.400002,12989700,70.115899,,
12/23/13,72.889999,73.330002,72.660004,73.279999,5621900,70.968133,,
12/24/13,73.25,73.860001,73.25,73.849998,2883600,71.520151,,
12/26/13,73.949997,74.690002,73.910004,74.620003,4620100,72.265862,,
12/27/13,74.650002,74.779999,73.93,74.349998,3844800,72.004376,,
12/30/13,74.989998,76.540001,74.889999,76.230003,8578900,73.82507,,
12/31/13,76.279999,76.5,75.809998,76.400002,4692300,73.989705,,
1/2/14,76.040001,76.5,75.900002,76.269997,5200900,73.863802,,
1/3/14,76.300003,76.699997,76.010002,76.110001,4060700,73.708853,,
1/6/14,76.529999,76.839996,75.489998,75.82,6816200,73.428001,,
1/7/14,76.120003,76.699997,75.900002,76.339996,4494900,73.931593,,
1/8/14,76.129997,76.279999,74.809998,75.220001,10900300,72.846932,,
1/9/14,75.459999,75.459999,74.32,74.900002,8052900,72.537028,,
1/10/14,75.080002,75.510002,74.559998,75.389999,6219000,73.011567,,
1/13/14,74.900002,75.129997,73.050003,73.269997,8232800,70.958447,,
1/14/14,73.709999,74.580002,73.290001,74.449997,5996500,72.10122,,
1/15/14,74.300003,75.099998,74.25,74.279999,7283900,71.936585,,
1/16/14,74.389999,74.400002,73.720001,74.209999,5597400,71.868794,,
1/17/14,74.43,74.629997,73.68,73.980003,6624800,71.646054,,
1/21/14,73.989998,74.879997,73.300003,74.199997,7507100,71.859107,,
1/22/14,74.080002,75.43,74.050003,75.309998,6795100,72.934089,,
1/23/14,74.529999,74.949997,74.150002,74.790001,6280900,72.430497,,
1/24/14,74.099998,74.230003,72.720001,72.720001,7334900,70.425803,,
1/27/14,72.470001,72.910004,71.720001,72.25,7415100,69.970629,,
1/28/14,72.260002,73,72.239998,72.879997,5508400,70.580751,,
1/29/14,71.970001,72.239998,71.120003,71.330002,8604800,69.079656,,
1/30/14,72.089996,73.629997,72,73.220001,7550500,70.910029,,
1/31/14,72.199997,73.32,71.800003,72.610001,7748500,70.319273,,
2/3/14,72.660004,72.730003,69.849998,69.989998,11964800,67.781927,,
2/4/14,70.940002,71.25,69.879997,71.050003,11278800,68.80849,,
2/5/14,72.050003,72.050003,70.370003,71.760002,11573300,69.49609,,
2/6/14,75.610001,76.730003,74.779999,75.559998,19821900,73.176202,,
2/7/14,75.080002,75.699997,74.610001,75.669998,11480100,73.282732,,
2/10/14,75.669998,77.309998,75.57,77.059998,8781600,74.628879,,
2/11/14,77.150002,77.919998,77.110001,77.790001,8186200,75.335852,,
2/12/14,77.660004,78.010002,77.639999,77.910004,6329500,75.452069,,
2/13/14,77.519997,78.239998,77.199997,77.900002,5955400,75.442383,,
2/14/14,77.879997,79.470001,77.769997,79.230003,7001100,76.730425,,
2/18/14,79.5,80,79.43,79.580002,6136500,77.069382,,
2/19/14,79.5,79.779999,78.800003,78.870003,7024000,76.381782,,
2/20/14,79.209999,79.650002,78.839996,79.190002,5748700,76.691686,,
2/21/14,79.07,80.449997,78.800003,80.129997,8252300,77.602026,,
2/24/14,80.5,81.589996,80.459999,80.730003,6635200,78.183102,,
2/25/14,80.720001,81.349998,80.040001,80.209999,6064300,77.679503,,
2/26/14,80.629997,80.949997,79.589996,80.080002,5775600,77.553607,,
2/27/14,80,80.589996,79.860001,80.480003,4919800,77.94099,,
2/28/14,80.839996,81.589996,80.169998,80.809998,7030700,78.260573,,
3/3/14,80.300003,80.650002,78.849998,79.459999,8449400,76.953165,,
3/4/14,80.599998,82.169998,80.540001,81.709999,8021400,79.132181,,
3/5/14,82.220001,83.209999,82.019997,82.68,7709700,80.07158,,
3/6/14,82.860001,83.419998,82.839996,83.339996,5774400,80.710754,,
3/7/14,83.599998,83.650002,82.019997,82.209999,7478100,79.616407,,
3/10/14,82.18,82.43,81.690002,81.970001,5209700,79.38398,,
3/11/14,82.190002,82.330002,80.720001,81.050003,7171600,78.493007,,
3/12/14,80.589996,81.389999,80.050003,81.379997,6378300,78.81259,,
3/13/14,81.75,81.980003,79.660004,79.93,8570600,77.408338,,
3/14/14,79.849998,80.410004,79.57,80.07,7754700,77.543921,,
3/17/14,80.5,81.599998,80.309998,81.389999,7280700,78.822277,,
3/18/14,81.529999,82.25,81.279999,81.989998,5395900,79.403346,,
3/19/14,82.25,82.300003,80.040001,80.519997,6403200,77.979721,,
3/20/14,80.589996,81.019997,79.760002,80.809998,5968200,78.260573,,
3/21/14,81.959999,82.050003,80.050003,80.349998,7840900,77.815086,,
3/24/14,80.709999,80.93,79.379997,79.489998,7642900,76.982217,,
3/25/14,80.239998,80.339996,78.599998,79.550003,6692400,77.040329,,
3/26/14,79.93,80.239998,78.610001,78.620003,6750800,76.139669,,
3/27/14,78.300003,78.610001,77.279999,78.480003,9194700,76.004086,,
3/28/14,78.730003,79.459999,78.309998,78.989998,5281700,76.497991,,
3/31/14,79.699997,80.389999,79.660004,80.07,6848800,77.543921,,
4/1/14,80.389999,81.610001,80.389999,81.57,6555000,78.996598,,
4/2/14,81.720001,81.970001,81.300003,81.669998,6073500,79.093442,,
4/3/14,81.919998,82.239998,81.139999,81.690002,4930100,79.112815,,
4/4/14,82.32,82.849998,80.400002,80.43,8894400,77.892564,,
4/7/14,80.419998,80.800003,78.559998,79.129997,9000800,76.633574,,
4/8/14,79.269997,79.650002,78.120003,79.57,7085100,77.059695,,
4/9/14,79.970001,80.529999,79.260002,80.470001,7004800,77.931303,,
4/10/14,80.919998,80.919998,77.480003,77.510002,10160200,75.064687,,
4/11/14,77.510002,77.949997,76.809998,77.010002,9204100,74.580461,,
4/14/14,77.699997,77.830002,76.849998,77.620003,5964700,75.171217,,
4/15/14,77.889999,78.209999,76.309998,77.660004,6398700,75.209956,,
4/16/14,78.379997,78.980003,78.190002,78.949997,5958800,76.459252,,
4/17/14,78.699997,80.220001,78.599998,79.989998,7627700,77.466443,,
4/21/14,79.959999,79.980003,78.690002,79.110001,7080300,76.614208,,
4/22/14,79.220001,79.889999,79.209999,79.449997,5876000,76.943478,,
4/23/14,79.529999,79.949997,78.970001,79.519997,4148600,77.01127,,
4/24/14,79.739998,80.059998,79.110001,79.589996,4632700,77.079061,,
4/25/14,79.459999,79.459999,78.160004,78.230003,6193300,75.761973,,
4/28/14,78.760002,79.059998,76.879997,77.779999,7522700,75.326166,,
4/29/14,78.349998,78.68,77.739998,78.639999,4608700,76.159035,,
4/30/14,78.5,79.529999,78.18,79.339996,6550200,76.836948,,
5/1/14,79.349998,79.870003,79.260002,79.559998,6486800,77.050008,,
5/2/14,79.620003,80.550003,79.620003,80.309998,7599300,77.776347,,
5/5/14,80.419998,81.309998,79.800003,81.220001,5669800,78.657642,,
5/6/14,81.589996,81.629997,80.800003,81.029999,10696500,78.473634,,
5/7/14,81.650002,82.440002,80.120003,80.290001,11906800,77.756981,,
5/8/14,80.209999,82.269997,80.07,81.599998,9257700,79.025651,,
5/9/14,81.269997,82.019997,80.900002,81.949997,5376600,79.364607,,
5/12/14,82.080002,82.940002,82.080002,82.419998,5704400,79.819781,,
5/13/14,82.43,82.75,81.75,82.080002,5274700,79.490511,,
5/14/14,81.769997,82.18,80.629997,80.919998,6192000,78.367103,,
5/15/14,80.639999,80.830002,79.209999,80.150002,7687700,77.621399,,
5/16/14,80.169998,80.419998,79.339996,80.389999,5823700,77.853825,,
5/19/14,80.43,81.379997,80.139999,81.050003,4896900,78.493007,,
5/20/14,80.940002,81.760002,80.519997,81.089996,6023200,78.531738,,
5/21/14,81.419998,82.339996,81.419998,82.190002,4736400,79.597041,,
5/22/14,82.190002,82.790001,82.040001,82.349998,4652000,79.751989,,
5/23/14,82.190002,83.360001,82.190002,83.32,4580300,80.691389,,
5/27/14,83.559998,83.980003,83.32,83.739998,5197700,81.098137,,
5/28/14,83.800003,83.900002,83.25,83.599998,4652100,80.962554,,
5/29/14,83.919998,84.089996,83.43,84.029999,6522000,81.378988,,
5/30/14,83.809998,84.389999,83.620003,84.010002,6352400,81.359623,,
6/2/14,84.269997,84.419998,84.010002,84.269997,3933800,81.611415,,
6/3/14,84.07,84.230003,83.720001,83.879997,4541400,81.233719,,
6/4/14,83.849998,84.400002,83.309998,84.239998,5800100,81.582362,,
6/5/14,84.370003,84.949997,83.900002,84.779999,5956000,82.105327,,
6/6/14,84.910004,84.989998,84.269997,84.610001,5302800,81.940692,,
6/9/14,84.599998,85.860001,84.529999,85.480003,5667600,82.783248,,
6/10/14,85.400002,85.400002,84.699997,84.75,4632600,82.076275,,
6/11/14,84.599998,84.809998,84.169998,84.309998,4300900,81.650154,,
6/12/14,84.029999,84.199997,82.599998,82.800003,7231400,80.187797,,
6/13/14,82.75,82.989998,81.800003,82.800003,4711100,80.187797,,
6/16/14,82.639999,83.440002,82.559998,83.300003,5181100,80.672023,,
6/17/14,82.980003,83.459999,82.610001,83.160004,4535900,80.53644,,
6/18/14,83.18,83.75,82.809998,83.580002,4536300,80.943188,,
6/19/14,83.650002,83.919998,83.25,83.769997,4326900,81.127189,,
6/20/14,84.07,84.080002,82.790001,82.82,11073400,80.207163,,
6/23/14,82.849998,82.93,82.32,82.760002,3946600,80.149058,,
6/24/14,82.68,83.57,82.489998,82.68,5057100,80.07158,,
6/25/14,82.669998,84.32,82.480003,83.900002,7899200,81.253092,,
6/26/14,84.68,84.68,83.769997,84.449997,6424000,81.785736,,
6/27/14,84.129997,85.389999,84.129997,85.300003,17932200,82.608926,,
6/30/14,85.440002,86.07,85.07,85.739998,6991400,83.03504,,
7/1/14,85.809998,86.870003,85.760002,86.470001,5608200,83.742013,,
7/2/14,86.580002,86.709999,86.199997,86.440002,4439600,83.71296,,
7/3/14,86.699997,86.980003,86.5,86.839996,3210400,84.100335,,
7/7/14,86.610001,86.82,86.32,86.589996,4897800,83.858222,,
7/8/14,86.190002,86.32,85.68,85.860001,4733600,83.151257,,
7/9/14,86,87.290001,85.849998,87.220001,6311200,84.468351,,
7/10/14,86.529999,87.610001,86.190002,86.860001,7249700,84.119708,,
7/11/14,87,87.360001,86.370003,86.889999,5016000,84.148761,,
7/14/14,87.459999,87.489998,86.660004,86.760002,4012300,84.022865,,
7/15/14,86.580002,86.650002,85.540001,86.150002,7001300,83.432108,,
7/16/14,86.690002,87.629997,85.120003,85.349998,10679300,82.657344,,
7/17/14,85.330002,86.190002,84.870003,85.029999,6885900,82.34744,,
7/18/14,85.440002,85.980003,85.169998,85.809998,4719100,83.102831,,
7/21/14,85.809998,86,85.5,85.739998,4799800,83.03504,,
7/22/14,86.370003,86.559998,85.510002,86.209999,4984200,83.490213,,
7/23/14,86.309998,86.529999,85.760002,86.040001,3650200,83.325578,,
7/24/14,86.5,86.959999,86.309998,86.800003,4168200,84.061603,,
7/25/14,86.300003,86.699997,86.050003,86.230003,4659800,83.509586,,
7/28/14,86.43,87.220001,85.809998,87.150002,4546800,84.40056,,
7/29/14,87.290001,87.300003,86.160004,86.199997,5478700,83.480527,,
7/30/14,86.620003,87.269997,86.089996,87.209999,7294200,84.458665,,
7/31/14,86.589996,86.949997,85.690002,85.879997,6342400,83.170622,,
8/1/14,85.389999,86.010002,85.209999,85.379997,6759200,82.686397,,
8/4/14,86.169998,87.519997,86.010002,87.239998,8262700,84.487717,,
8/5/14,87.139999,87.239998,86.019997,86.75,9361800,84.013178,,
8/6/14,86.18,87.620003,86.169998,86.589996,9789500,83.858222,,
8/7/14,86.989998,87.010002,85.230003,85.510002,7916900,82.8123,,
8/8/14,85.650002,86.889999,85.620003,86.849998,6382700,84.110022,,
8/11/14,87.07,87.980003,87.050003,87.5,5047900,84.739517,,
8/12/14,87.150002,87.620003,86.779999,87.209999,4510100,84.458665,,
8/13/14,87.739998,87.949997,87.419998,87.599998,4533200,84.83636,,
8/14/14,88.029999,88.910004,87.809998,88.610001,8218000,85.814499,,
8/15/14,89.019997,89.470001,88.690002,89.279999,8211000,86.463359,,
8/18/14,89.660004,90.370003,89.580002,89.970001,4973300,87.131593,,
8/19/14,90.129997,90.290001,89.639999,90.089996,4153000,87.247803,,
8/20/14,89.919998,90.050003,89.669998,89.839996,3894500,87.00569,,
8/21/14,90.059998,90.529999,89.980003,90.379997,4719100,87.528655,,
8/22/14,90.129997,90.900002,90.120003,90.489998,4756400,87.635185,,
8/25/14,90.949997,91.139999,90.300003,90.379997,3515400,87.528655,,
8/26/14,90.610001,90.669998,89.940002,90.019997,4117700,87.180012,,
8/27/14,90.139999,90.410004,89.980003,90.370003,3739700,87.518975,,
8/28/14,89.980003,90.489998,89.959999,90.230003,2678400,87.383393,,
8/29/14,90.32,90.379997,89.330002,89.879997,4179400,87.044429,,
9/2/14,90.18,90.93,90.150002,90.800003,5602000,87.93541,,
9/3/14,91.059998,91.160004,90.669998,90.940002,3684000,88.070993,,
9/4/14,90.870003,91.199997,90.010002,90.139999,5458700,87.296228,,
9/5/14,90.139999,90.940002,90.099998,90.940002,4597100,88.070993,,
9/8/14,90.760002,90.839996,90.160004,90.559998,4331200,87.702976,,
9/9/14,90.5,90.540001,89.510002,89.599998,4797700,86.773264,,
9/10/14,89.540001,89.82,88.75,89.519997,5078600,86.695786,,
9/11/14,89.199997,90.040001,89.059998,89.970001,4065500,87.131593,,
9/12/14,90.099998,90.199997,89.25,89.669998,3888500,86.841055,,
9/15/14,89.739998,90.370003,89.559998,90.080002,4910000,87.238124,,
9/16/14,89.709999,90.43,89.459999,90.269997,4324600,87.422124,,
9/17/14,90.580002,90.769997,89.970001,90.330002,4058100,87.480237,,
9/18/14,90.309998,90.5,89.910004,90.339996,4343600,87.489916,,
9/19/14,90.800003,91.150002,90.389999,90.489998,13382900,87.635185,,
9/22/14,90.489998,90.610001,89.190002,89.290001,5003000,86.473046,,
9/23/14,89.120003,89.239998,88.230003,88.309998,6155800,85.52396,,
9/24/14,88.360001,89.639999,88.239998,89.449997,5607000,86.627994,,
9/25/14,89.260002,89.599998,88.059998,88.07,7077400,85.291534,,
9/26/14,88.150002,88.889999,87.910004,88.739998,5786400,85.940395,,
9/29/14,88.120003,89.050003,87.360001,88.830002,5188600,86.027559,,
9/30/14,88.839996,89.540001,88.540001,89.029999,4824500,86.221246,,
10/1/14,89.080002,89.239998,87.199997,87.489998,7512500,84.72983,,
10/2/14,87.5,87.660004,84.650002,86.790001,11051100,84.051917,,
10/3/14,88.099998,88.900002,87.550003,88.449997,7549000,85.659543,,
10/6/14,88.790001,89.18,88.07,88.559998,4047800,85.766073,,
10/7/14,88,88.260002,87.040001,87.110001,6217600,84.361821,,
10/8/14,87.059998,88.150002,86.330002,88.110001,7008000,85.330273,,
10/9/14,88.029999,88.160004,85.57,85.709999,8726200,83.005987,,
10/10/14,85.919998,87,85.400002,86.269997,12675300,83.548318,,
10/13/14,85.919998,86.389999,83.760002,83.910004,9039800,81.262779,,
10/14/14,84.75,85.519997,83.900002,84.139999,8607100,81.485519,,
10/15/14,82.389999,83.760002,78.540001,82.080002,21844400,79.490511,,
10/16/14,79.93,82.470001,79.550003,81.739998,13216500,79.161233,,
10/17/14,82.68,84.660004,82.68,83.830002,12381800,81.185301,,
10/20/14,84.230003,85.610001,84.150002,85.519997,8302100,82.821979,,
10/21/14,86.32,87.68,86.25,87.540001,9170400,84.778256,,
10/22/14,87.940002,88.610001,86.980003,87.099998,9314500,84.352135,,
10/23/14,88.209999,88.629997,87.760002,87.989998,7245300,85.214056,,
10/24/14,87.910004,88.660004,87.580002,88.610001,4937500,85.814499,,
10/27/14,88.470001,88.989998,88.239998,88.449997,5644300,85.659543,,
10/28/14,89.040001,89.959999,88.949997,89.93,4540000,87.092854,,
10/29/14,89.839996,90.25,88.949997,89.529999,5442100,86.705472,,
10/30/14,89.440002,90.540001,88.910004,90.220001,4445300,87.373706,,
10/31/14,91.510002,91.980003,90.75,91.379997,7472200,88.497106,,
11/3/14,91.239998,91.82,91,91.709999,5447700,88.816697,,
11/4/14,91.970001,91.980003,89.800003,90.349998,7928500,87.499602,,
11/5/14,91.599998,91.599998,89.589996,91,7021000,88.129097,,
11/6/14,91.290001,92,91.150002,92,9938800,89.097549,,
11/7/14,89.389999,90.019997,88.650002,90,16176300,87.160646,,
11/10/14,90.239998,90.419998,88.949997,89.779999,8155700,86.947585,,
11/11/14,90.010002,90.029999,89.129997,89.980003,5896800,87.14128,,
11/12/14,89.769997,90.120003,89.330002,89.900002,5262500,87.063802,,
11/13/14,90.099998,90.709999,90.029999,90.489998,5097900,87.635185,,
11/14/14,90.68,90.849998,90.379997,90.800003,4280300,87.93541,,
11/17/14,90.5,90.779999,90.050003,90.410004,4147900,87.557714,,
11/18/14,90.330002,90.690002,90.129997,90.279999,4461600,87.431811,,
11/19/14,90.260002,90.279999,89.190002,89.82,7709500,86.986324,,
11/20/14,89.25,89.459999,88.75,88.900002,8602600,86.09535,,
11/21/14,89.690002,89.800003,88.760002,88.959999,7383100,86.153455,,
11/24/14,89.32,90.660004,89.32,90.580002,6503300,87.722349,,
11/25/14,90.709999,91.919998,90.709999,91.650002,7404200,88.758592,,
11/26/14,91.959999,92.279999,91.669998,91.919998,4607200,89.020071,,
11/28/14,92.529999,92.959999,92.230003,92.510002,3853000,89.591461,,
12/1/14,92.629997,93.139999,92.099998,92.699997,6714700,89.775462,,
12/2/14,92.650002,93.809998,92.419998,93.470001,6634900,90.521174,,
12/3/14,93.540001,93.660004,92.5,93.110001,5492400,90.172531,,
12/4/14,93.610001,93.629997,92.57,93.230003,6017300,90.288748,,
12/5/14,93.690002,93.980003,93.339996,93.760002,5226800,90.802026,,
12/8/14,94.209999,94.5,93.410004,93.800003,6682200,90.840765,,
12/9/14,93.510002,93.57,91.760002,92.940002,9519900,90.007896,,
12/10/14,92.519997,92.830002,91.550003,91.629997,10346100,88.739219,,
12/11/14,91.089996,92.660004,90.660004,91.75,8227800,89.984788,,
12/12/14,91.18,92.610001,90.949997,91.489998,7890900,89.729788,,
12/15/14,92.029999,92.690002,90.190002,90.900002,6746800,89.151143,,
12/16/14,90.5,92,90.129997,90.169998,6549400,88.435185,,
12/17/14,90.360001,91.68,90.199997,91.379997,6885900,89.621904,,
12/18/14,92.190002,92.610001,91.860001,92.610001,9387500,90.828243,,
12/19/14,92.339996,93.199997,91.879997,92.889999,12837900,91.102855,,
12/22/14,93.389999,94.360001,93.220001,94.199997,7477500,92.387649,,
12/23/14,94.480003,95.07,94.400002,94.690002,5385800,92.868227,,
12/24/14,94.690002,95.120003,94.370003,94.419998,2165700,92.603417,,
12/26/14,94.739998,95.309998,94.519997,95.029999,3141300,93.201682,,
12/29/14,94.739998,95.93,94.690002,95.5,3584400,93.662641,,
12/30/14,95.209999,95.5,94.5,94.699997,3490100,92.878029,,
12/31/14,95.129997,95.519997,94.029999,94.190002,4797000,92.377847,,
1/2/15,94.910004,95.279999,92.849998,93.75,5865400,91.946309,,
1/5/15,93.279999,93.349998,91.779999,92.379997,7789400,90.602665,,
1/6/15,92.57,93.190002,91.160004,91.889999,6793100,90.122094,,
1/7/15,92.720001,93.150002,92.099998,92.830002,6589500,91.044011,,
1/8/15,93.870003,94.300003,93.559998,93.790001,7579400,91.985541,,
1/9/15,94.050003,95.269997,93.989998,94.25,8621300,92.43669,,
1/12/15,94.690002,94.760002,93.769997,94.459999,6586200,92.642649,,
1/13/15,95.279999,96.43,94.699997,95.190002,9354400,93.358607,,
1/14/15,94,94.800003,93.290001,94.230003,6509300,92.417078,,
1/15/15,94.230003,94.959999,94.040001,94.349998,5662200,92.534764,,
1/16/15,94,95.230003,93.980003,95.18,6117000,93.348797,,
1/20/15,95.220001,95.389999,93.75,94.739998,7940600,92.91726,,
1/21/15,94.370003,94.739998,93.82,94.169998,7474700,92.358227,,
1/22/15,94.580002,95.389999,94.010002,95.150002,7014200,93.319376,,
1/23/15,94.919998,95.529999,94.43,94.720001,4664700,92.897648,,
1/26/15,94.449997,95,93.93,94.970001,5446900,93.142839,,
1/27/15,93.940002,94.739998,93.360001,93.970001,5390000,92.162078,,
1/28/15,94.139999,94.470001,92.610001,92.669998,6198400,90.887086,,
1/29/15,93.110001,93.5,91.519997,93.220001,7681700,91.426507,,
1/30/15,92.5,92.940002,90.830002,90.959999,10212300,89.209986,,
2/2/15,91.300003,92.050003,90.059998,91.93,9392000,90.161325,,
2/3/15,92.43,94.110001,92.190002,94.099998,12329100,92.289574,,
2/4/15,99.389999,101.940002,98.82,101.279999,32640500,99.331436,,
2/5/15,100.760002,102.839996,100.510002,102.639999,14089500,100.665271,,
2/6/15,102.669998,102.989998,101.650002,102.019997,8475600,100.057197,,
2/9/15,101.800003,102.5,101.449997,101.730003,5461800,99.772783,,
2/10/15,101.959999,102.190002,101.18,101.919998,5726300,99.959122,,
2/11/15,102.010002,102.019997,101.07,101.870003,5868200,99.910088,,
2/12/15,102.160004,103.849998,101.699997,103.580002,6816800,101.587188,,
2/13/15,103.730003,104.410004,103.43,104.169998,5175600,102.165833,,
2/17/15,104.230003,104.449997,103.57,104.120003,4759300,102.1168,,
2/18/15,103.400002,104.330002,103.400002,103.860001,3760200,101.8618,,
2/19/15,104,104.080002,103.550003,103.889999,5094100,101.891222,,
2/20/15,103.860001,104.690002,102.730003,104.550003,5197000,102.538527,,
2/23/15,104.760002,105.230003,104.440002,104.989998,5587100,102.970057,,
2/24/15,104.540001,105.050003,104.349998,104.669998,4098800,102.656214,,
2/25/15,104.68,105.980003,104.669998,105.57,6547200,103.5389,,
2/26/15,105.5,105.709999,104.139999,104.559998,5049000,102.548329,,
2/27/15,104.669998,105.139999,103.959999,104.080002,4161600,102.077569,,
3/2/15,104.349998,105.980003,104.349998,105.889999,5635500,103.852743,,
3/3/15,105.779999,106.639999,105.209999,106.349998,4671900,104.303892,,
3/4/15,105.860001,106,104.779999,105.57,4972300,103.5389,,
3/5/15,105.540001,105.809998,104.870003,105.029999,3954700,103.009288,,
3/6/15,104.669998,105,103.489998,103.82,5704200,101.822569,,
3/9/15,103.940002,105.419998,103.82,105.260002,4868900,103.234866,,
3/10/15,104.269997,104.349998,103.089996,103.089996,6472600,101.10661,,
3/11/15,103.510002,104,102.870003,102.889999,4831900,100.910461,,
3/12/15,103.849998,107.330002,103.809998,107.169998,10730400,105.108115,,
3/13/15,107.279999,107.279999,105.519997,106.440002,8024200,104.392164,,
3/16/15,106.839996,107.730003,106.050003,107.370003,6407300,105.304272,,
3/17/15,107,107.209999,106.150002,106.959999,4489400,104.902157,,
3/18/15,106.900002,108.419998,105.730003,107.970001,5520600,105.892727,,
3/19/15,107.839996,108.480003,107.139999,107.370003,4885600,105.304272,,
3/20/15,107.830002,108.940002,107.5,108.43,8710100,106.343876,,
3/23/15,108.599998,108.849998,108.040001,108.220001,5667000,106.137917,,
3/24/15,107.720001,108.050003,107.080002,107.110001,4493500,105.049272,,
3/25/15,107.449997,107.459999,105,105,6964700,102.979867,,
3/26/15,104.470001,105.82,104.099998,105.239998,5915800,103.215247,,
3/27/15,105.199997,106.449997,104.879997,105.480003,5330400,103.450635,,
3/30/15,106.059998,106.949997,106.050003,106.120003,3831900,104.078321,,
3/31/15,105.599998,106.32,104.889999,104.889999,5701600,102.871982,,
4/1/15,105.43,106,104.25,105.440002,6117200,103.411404,,
4/2/15,105.489998,106.239998,104.860001,106,3651600,103.960627,,
4/6/15,105.309998,106.57,105.040001,105.629997,4153500,103.597743,,
4/7/15,105.800003,106.410004,105.400002,105.43,4694600,103.401594,,
4/8/15,105.230003,106.690002,105.160004,106.360001,4277400,104.313702,,
4/9/15,106.510002,107,105.879997,106.769997,3924400,104.71581,,
4/10/15,106.730003,107.099998,106.410004,106.949997,3251500,104.892347,,
4/13/15,107.07,107.900002,106.470001,106.510002,4201500,104.460817,,
4/14/15,106.410004,107.300003,106.110001,106.660004,5389300,104.607933,,
4/15/15,106.919998,107.43,106.860001,106.980003,4307300,104.921776,,
4/16/15,107.150002,108.300003,106.900002,108.099998,6379100,106.020223,,
4/17/15,107.800003,107.800003,106.040001,106.690002,9663500,104.637354,,
4/20/15,107.830002,108.5,107.32,108.220001,8094200,106.137917,,
4/21/15,108.93,108.989998,107.580002,107.68,4579400,105.608305,,
4/22/15,108.019997,108.25,106.970001,107.940002,4060500,105.863305,,
4/23/15,107.959999,109.900002,107.610001,109,5983800,106.902909,,
4/24/15,109.529999,110.480003,109.190002,109.529999,6355600,107.422711,,
4/27/15,111.5,111.660004,110.07,110.160004,8479100,108.040595,,
4/28/15,110.75,111.150002,108.889999,109.919998,7324500,107.805207,,
4/29/15,109.660004,110.379997,109.260002,109.809998,6024700,107.697323,,
4/30/15,109.68,110.190002,107.68,108.720001,7770300,106.628297,,
5/1/15,109.949997,110.669998,109.269997,110.519997,6205100,108.393662,,
5/4/15,111.480003,111.529999,110.5,111.029999,7566200,108.893852,,
5/5/15,113.269997,113.300003,110.559998,110.809998,14619300,108.678083,,
5/6/15,111.559998,111.959999,109.220001,109.720001,8975300,107.609058,,
5/7/15,109.599998,109.779999,108.720001,109.260002,8291200,107.157909,,
5/8/15,110.260002,110.699997,109.57,110.110001,6260600,107.991554,,
5/11/15,110.139999,110.139999,108.489998,108.599998,6728500,106.510603,,
5/12/15,108.599998,109.660004,107.669998,109.239998,6345000,107.13829,,
5/13/15,109.699997,109.870003,108.779999,109.190002,4141400,107.089256,,
5/14/15,109.690002,110,109.010002,109.93,4662000,107.815017,,
5/15/15,110.099998,110.690002,109.68,110.300003,5852200,108.177901,,
5/18/15,110.470001,110.739998,110.010002,110.330002,4868900,108.207323,,
5/19/15,110.690002,110.989998,110.470001,110.559998,4549600,108.432893,,
5/20/15,110.779999,110.809998,110.019997,110.199997,4393500,108.079819,,
5/21/15,110.040001,110.639999,109.900002,110.389999,4880600,108.266166,,
5/22/15,110.300003,110.900002,110.120003,110.260002,4267700,108.13867,,
5/26/15,110.169998,110.849998,108.760002,109.440002,5970800,107.334446,,
5/27/15,109.510002,110.610001,109.300003,110.370003,3984200,108.246554,,
5/28/15,110.110001,110.540001,109.599998,110.529999,3392000,108.403472,,
5/29/15,110.330002,110.519997,109.410004,110.370003,5264900,108.246554,,
6/1/15,111.480003,111.769997,110.550003,110.959999,6778900,108.825199,,
6/2/15,110.919998,111.25,110.019997,110.75,4425900,108.61924,,
6/3/15,110.75,111.82,110.5,111.169998,4510300,109.031158,,
6/4/15,110.949997,111.25,109.989998,110.300003,5748200,108.177901,,
6/5/15,110.300003,110.769997,109.800003,110.300003,4323500,108.177901,,
6/8/15,110.029999,110.239998,109.209999,109.290001,6068100,107.187331,,
6/9/15,109.349998,109.410004,107.650002,108.519997,7711800,106.432141,,
6/10/15,108.900002,110.25,108.730003,110,5128700,107.88367,,
6/11/15,110.010002,110.959999,110.010002,110.620003,5036300,108.491744,,
6/12/15,110.330002,110.529999,109.540001,109.949997,4009900,107.834629,,
6/15/15,109.269997,110.410004,108.93,110.18,5742200,108.060207,,
6/16/15,110.349998,111.290001,109.900002,111.059998,3848300,108.923274,,
6/17/15,111.199997,111.940002,110.879997,111.489998,4732300,109.345001,,
6/18/15,111.830002,113.550003,111.580002,113.220001,6929900,111.04172,,
6/19/15,112.830002,113.480003,112.400002,112.620003,9587700,110.453265,,
6/22/15,113.400002,114.470001,113.269997,113.529999,5906200,111.345754,,
6/23/15,113.93,114.519997,113.720001,114.410004,6003100,112.208828,,
6/24/15,114.300003,114.559998,113.709999,113.769997,5636200,111.581134,,
6/25/15,114.620003,115.279999,114.389999,114.449997,6213500,112.248052,,
6/26/15,114.970001,115.18,114.410004,114.989998,9509600,112.777663,,
6/29/15,114.160004,115.190002,113,113.050003,7618200,110.874993,,
6/30/15,113.93,114.860001,113.550003,114.139999,6946700,111.944018,,
7/1/15,114.949997,115.25,114.339996,115.129997,5435400,113.571683,,
7/2/15,115.379997,115.669998,114.449997,114.970001,5549500,113.413852,,
7/6/15,114.470001,115.860001,114.269997,115.699997,5880500,114.133967,,
7/7/15,116.419998,117.190002,114.860001,117.099998,8359900,115.515019,,
7/8/15,116.5,116.68,115.110001,115.190002,8445200,113.630876,,
7/9/15,116.830002,117.209999,115.510002,115.599998,7016800,114.035322,,
7/10/15,117.050003,117.43,115.669998,116.440002,7020700,114.863957,,
7/13/15,117.75,118.309998,117.25,118.050003,7595200,116.452165,,
7/14/15,118.029999,118.139999,117.699997,117.849998,5061700,116.254868,,
7/15/15,118.040001,118.900002,117.849998,118.300003,4845200,116.698782,,
7/16/15,119,119.150002,118.540001,119.07,6303000,117.458356,,
7/17/15,118.690002,118.900002,118.029999,118.860001,5109900,117.251199,,
7/20/15,119.290001,119.900002,118.889999,119.580002,6611400,117.961455,,
7/21/15,119.760002,119.800003,118.830002,119.309998,4785200,117.695106,,
7/22/15,119.279999,119.699997,118.93,119.330002,4714100,117.714839,,
7/23/15,119.300003,119.669998,118.57,118.800003,3347200,117.192014,,
7/24/15,119.349998,119.800003,118.580002,118.910004,4320900,117.300526,,
7/27/15,118.629997,118.800003,117.779999,118.25,5179300,116.649455,,
7/28/15,118.68,118.900002,117.870003,118.459999,6447300,116.856612,,
7/29/15,118.849998,119.860001,118.410004,119.839996,6083500,118.217931,,
7/30/15,119.709999,120.349998,119.010002,120.029999,4430100,118.405361,,
7/31/15,120.120003,120.720001,119.599998,120,5767300,118.375769,,
8/3/15,120.879997,121.730003,120.169998,121.120003,8426900,119.480612,,
8/4/15,121.5,122.080002,120.610001,121.690002,12624400,120.042896,,
8/5/15,110.830002,113.949997,109.5,110.529999,61011200,109.033946,,
8/6/15,110.400002,110.400002,104.239998,108.550003,57175200,107.08075,,
8/7/15,108.75,109.559998,107.660004,109.349998,15791600,107.869918,,
8/10/15,110,111,109.739998,111,11617000,109.497586,,
8/11/15,110.339996,110.489998,107.949997,108,13574000,106.538192,,
8/12/15,107,107.440002,105.510002,106.989998,16923500,105.54186,,
8/13/15,107.209999,108.510002,106.75,107.519997,9754500,106.064685,,
8/14/15,107.610001,107.669998,106.519997,107.160004,7104500,105.709565,,
8/17/15,107.300003,109.279999,106.839996,109.050003,7954000,107.573983,,
8/18/15,108.040001,108.25,106.800003,106.940002,12021500,105.492542,,
8/19/15,106.580002,107.75,105.769997,106.449997,9484400,105.009168,,
8/20/15,104.339996,105,99.760002,100.019997,34651300,98.6662,,
8/21/15,97.5,100.629997,96.610001,98.839996,30875700,97.502171,,
8/24/15,93.379997,100,90,95.360001,30159200,94.069278,,
8/25/15,99.730003,100.089996,95.720001,95.889999,19079400,94.592103,,
8/26/15,98.690002,99.489998,96.260002,99.230003,13755900,97.886899,,
8/27/15,101.349998,102.620003,99.779999,102.169998,17532200,100.787101,,
8/28/15,102.190002,103.339996,101.809998,102.480003,11005200,101.09291,,
8/31/15,102.300003,102.459999,100.910004,101.879997,8518200,100.501025,,
9/1/15,99.309998,101.339996,99.160004,99.510002,14212600,98.163108,,
9/2/15,100.919998,101.940002,99.550003,101.889999,12148200,100.510892,,
9/3/15,102.199997,103.029999,101.459999,101.989998,8953300,100.609537,,
9/4/15,100.959999,101.82,100.360001,100.970001,9213800,99.603346,,
9/8/15,102.949997,104.150002,102.519997,104.010002,8571500,102.6022,,
9/9/15,104.75,104.949997,101.68,101.910004,9577500,100.530625,,
9/10/15,101.849998,103.220001,101.330002,102.599998,9026100,101.211281,,
9/11/15,102.349998,104.5,102.199997,104.480003,9529800,103.065839,,
9/14/15,104.650002,104.900002,102.989998,103.82,6959800,102.414769,,
9/15/15,103.25,103.800003,101.830002,103.43,9171400,102.030048,,
9/16/15,103.32,104.07,102.75,103.959999,6509700,102.552873,,
9/17/15,104.199997,105.949997,103.75,104.199997,7792600,102.789623,,
9/18/15,103.199997,104.209999,102.389999,102.839996,13559400,101.44803,,
9/21/15,103.68,103.830002,102.459999,103.410004,7152300,102.010322,,
9/22/15,102.18,102.75,101.480003,102.489998,8330100,101.102769,,
9/23/15,102.440002,102.629997,101.379997,101.57,5818000,100.195223,,
9/24/15,101,101.330002,99.239998,100.620003,10706800,99.258085,,
9/25/15,101.510002,101.800003,99.580002,100.300003,7179800,98.942416,,
9/28/15,99.900002,100.389999,98.300003,98.489998,8238300,97.15691,,
9/29/15,98.510002,100.059998,97.769997,99.419998,9466900,98.074323,,
9/30/15,100.779999,102.43,100.5,102.199997,9190000,100.816693,,
10/1/15,102.970001,103.470001,101.080002,102.669998,7503700,101.280333,,
10/2/15,101.209999,103.010002,99.879997,103,9105600,101.605868,,
10/5/15,103.699997,104.199997,102.610001,103.849998,7144600,102.444362,,
10/6/15,104.190002,104.510002,103.209999,103.769997,5660600,102.365443,,
10/7/15,104.489998,104.589996,102.660004,103.389999,6947200,101.990589,,
10/8/15,103.199997,104.889999,102.699997,104.610001,7499100,103.194077,,
10/9/15,105.089996,106.050003,104.669998,105.559998,7341800,104.131215,,
10/12/15,105.910004,106.699997,105.620003,106.349998,5179000,104.910523,,
10/13/15,105.739998,107.389999,105.309998,106.589996,8342700,105.147273,,
10/14/15,106.5,106.849998,105.230003,105.730003,5563600,104.29892,,
10/15/15,106.5,108,106.260002,107.889999,6739200,106.42968,,
10/16/15,108.269997,108.5,107.459999,108.239998,5739600,106.774941,,
10/19/15,108.25,109.970001,107.940002,109.470001,8001900,107.988296,,
10/20/15,109.550003,110.529999,109.410004,109.839996,9674400,108.353283,,
10/21/15,110.669998,111.559998,110.010002,110.089996,8769800,108.599899,,
10/22/15,110.669998,113.349998,110.389999,113.25,10028900,111.717132,,
10/23/15,114.209999,114.209999,111.849998,113.089996,7928400,111.559294,,
10/26/15,113.07,113.580002,112.120003,113.519997,5729600,111.983474,,
10/27/15,113.290001,114.269997,113.25,113.769997,5857600,112.23009,,
10/28/15,113.970001,114.459999,112.860001,114.339996,6452900,112.792375,,
10/29/15,114.339996,115.400002,114.199997,115.040001,6125100,113.482904,,
10/30/15,115,115.239998,113.669998,113.739998,8501600,112.200497,,
11/2/15,114.489998,115.309998,114.010002,115.040001,6949500,113.482904,,
11/3/15,114.970001,116.400002,114.540001,115.540001,7132100,113.976137,,
11/4/15,116.639999,116.830002,110.809998,113.25,20740800,111.717132,,
11/5/15,113.260002,113.93,111.599998,113,14843700,111.470515,,
11/6/15,114.599998,116.75,114.57,115.669998,16803400,114.104375,,
11/9/15,115.900002,116.730003,115.18,116.419998,9317500,114.844223,,
11/10/15,116.169998,117.510002,115.510002,117.419998,8240500,115.830688,,
11/11/15,117.550003,117.580002,116.43,116.519997,6381700,114.942868,,
11/12/15,115.599998,116.989998,115,116.209999,7223000,114.637066,,
11/13/15,115.919998,116.419998,114.379997,114.839996,8078100,113.285607,,
11/16/15,113.470001,116.080002,113.339996,115.919998,5770200,114.350991,,
11/17/15,116.110001,117.550003,115.510002,116.129997,6434400,114.558147,,
11/18/15,116.220001,118.279999,116.050003,118.139999,6744600,116.540944,,
11/19/15,118.139999,119.160004,117.639999,118.709999,6101000,117.103228,,
11/20/15,119.110001,120.25,118.900002,120.07,10821700,118.444821,,
11/23/15,120.300003,120.650002,119,119.419998,6986400,117.803617,,
11/24/15,117.900002,118.57,117.279999,117.949997,9158200,116.353513,,
11/25/15,118.290001,119.339996,118.150002,118.669998,4751500,117.063769,,
11/27/15,116,116.5,113.699997,115.129997,14912000,113.571683,,
11/30/15,115.559998,115.580002,113.309998,113.470001,16560300,111.934155,,
12/1/15,114.150002,115.459999,113.660004,115.389999,8896100,113.828166,,
12/2/15,115.389999,115.470001,113.830002,114,7787800,112.45698,,
12/3/15,114.169998,114.650002,111.440002,111.889999,10446600,110.375539,,
12/4/15,112.739998,114.309998,112.529999,114.239998,8771300,112.69373,,
12/7/15,114.559998,114.559998,112.650002,113.830002,6738500,112.289283,,
12/8/15,113.349998,113.449997,112.400002,112.480003,7480600,110.957557,,
12/9/15,112.389999,113.059998,110.580002,111.470001,9050700,109.961226,,
12/10/15,111.150002,111.580002,110.169998,110.760002,7030200,109.961223,,
12/11/15,110.760002,110.760002,107.620003,108.040001,12334900,107.260838,,
12/14/15,108.68,109.870003,108.279999,109.349998,9702600,108.561388,,
12/15/15,112.050003,113.349998,111.580002,112.160004,13260900,111.351128,,
12/16/15,114.690002,114.75,111.800003,113.790001,12304500,112.96937,,
12/17/15,114.129997,114.480003,111.980003,112.010002,9375000,111.202208,,
12/18/15,112.010002,112.440002,107.349998,107.720001,28376900,106.943146,,
12/21/15,108.800003,110.099998,105.330002,106.589996,22847200,105.82129,,
12/22/15,106.989998,107.199997,105.830002,106.739998,8644500,105.97021,,
12/23/15,107.209999,107.239998,104.300003,105.559998,12372900,104.79872,,
12/24/15,105.199997,106.639999,105.059998,105.860001,4356100,105.096559,,
12/28/15,106.5,108.199997,106.330002,107.25,9092700,106.476534,,
12/29/15,107.879997,108.040001,106.449997,107.080002,8607200,106.307762,,
12/30/15,106.889999,107.209999,106.25,106.339996,4917000,105.573093,,
12/31/15,106.139999,106.309998,105.059998,105.080002,6670100,104.322185,,
1/4/16,103.120003,103.43,101.730003,102.980003,12531500,102.237332,,
1/5/16,102.669998,102.669998,99.889999,100.900002,16212900,100.17233,,
1/6/16,99.379997,101.459999,99.360001,100.360001,13934500,99.636224,,
1/7/16,98.959999,101.349998,98.519997,99.5,14680200,98.782425,,
1/8/16,100.629997,100.919998,99,99.25,10691600,98.534228,,
1/11/16,100.209999,100.449997,98.550003,99.919998,9583200,99.199395,,
1/12/16,100.970001,101.849998,100.339996,101.459999,8863900,100.728289,,
1/13/16,101.879997,101.879997,98.120003,98.480003,11615400,97.769785,,
1/14/16,98.650002,99.910004,97.190002,99.110001,11147500,98.395239,,
1/15/16,95.620003,96.879997,93.459999,93.900002,22337000,93.222813,,
1/19/16,95,95.07,93.029999,93.970001,13286800,93.292308,,
1/20/16,92.18,93.639999,90.419998,92.540001,16918100,91.872621,,
1/21/16,92.870003,94.860001,92.300003,94.019997,12078200,93.341943,,
1/22/16,95.949997,97.419998,95.550003,96.900002,12303800,96.201178,,
1/25/16,96.419998,96.68,95.120003,95.290001,7812200,94.602788,,
1/26/16,95.489998,96.43,95.089996,96.269997,6915600,95.575716,,
1/27/16,96.309998,96.629997,93.870003,94.32,6328900,93.639782,,
1/28/16,95.199997,95.199997,92.370003,93.529999,7312700,92.855479,,
1/29/16,94.209999,95.82,93.629997,95.82,8211600,95.128965,,
2/1/16,95.080002,95.709999,94.699997,95.150002,7027200,94.463798,,
2/2/16,94,94.169998,92.870003,93.120003,7244400,92.44844,,
2/3/16,94.099998,95.410004,92.419998,95.139999,10878000,94.453868,,
2/4/16,94.870003,96.730003,94.599998,95.43,8350300,94.741778,,
2/5/16,95.32,95.389999,93.470001,93.900002,8898500,93.222813,,
2/8/16,92.559998,92.959999,89.510002,92.120003,13750100,91.455651,,
2/9/16,90.150002,93.199997,89.040001,92.32,19237400,91.654206,,
2/10/16,88,90.029999,86.25,88.849998,32649800,88.20923,,
2/11/16,87,91.059998,86.959999,90.309998,17523800,89.6587,,
2/12/16,91.519997,91.589996,89.610001,91.150002,10786100,90.492646,,
2/16/16,92.470001,93.309998,91.790001,92.910004,9050900,92.239955,,
2/17/16,93.669998,96.440002,93.559998,95.5,12610000,94.811273,,
2/18/16,96.339996,96.449997,94.449997,95.169998,8773900,94.483651,,
2/19/16,95.230003,95.720001,94.559998,95.010002,6838200,94.324809,,
2/22/16,95.010002,97,95.010002,96.370003,6980400,95.675001,,
2/23/16,96.5,96.82,95.150002,95.379997,6253800,94.692135,,
2/24/16,94.650002,95.75,93.230003,95.43,6945600,94.741778,,
2/25/16,95.919998,95.949997,94.349998,95.650002,4562300,94.960192,,
2/26/16,95.709999,96.220001,95.279999,95.309998,5277000,94.62264,,
2/29/16,95.309998,96.290001,95.230003,95.519997,7794400,94.831125,,
3/1/16,95.900002,97.660004,95.529999,97.650002,7139900,96.945769,,
3/2/16,97.669998,97.830002,96.410004,97,6498600,96.300455,,
3/3/16,97.790001,98.839996,96.889999,98.82,8581300,98.107329,,
3/4/16,99,99.209999,97.900002,98.480003,6739800,97.769785,,
3/7/16,98.57,99.709999,98.480003,99.389999,7218700,98.673218,,
3/8/16,98.93,98.980003,97.599998,97.82,6229300,97.114541,,
3/9/16,98,98.239998,96.809998,97.660004,7010700,96.955699,,
3/10/16,97.940002,98.419998,95.870003,97.040001,5453500,96.340167,,
3/11/16,97.57,98.349998,97.540001,97.940002,5605800,97.233678,,
3/14/16,97.940002,99.220001,97.839996,98.809998,6175000,98.097399,,
3/15/16,98.019997,98.330002,97.389999,98.239998,5942400,97.53151,,
3/16/16,98.160004,99.080002,97.470001,98.440002,6079400,97.730072,,
3/17/16,98.279999,99.910004,98.279999,99.599998,6385600,98.881703,,
3/18/16,99.980003,100.150002,98.959999,99.199997,10205100,98.484586,,
3/21/16,98.919998,99.120003,97.699997,98.459999,7070300,97.749925,,
3/22/16,97.589996,98.32,97.440002,97.580002,6475700,96.876274,,
3/23/16,97.720001,97.849998,96.75,96.830002,5517700,96.131683,,
3/24/16,96.550003,97.489998,96.300003,97.220001,5577700,96.51887,,
3/28/16,97.5,98.459999,97.449997,98.089996,5317100,97.38259,,
3/29/16,98,98.370003,97.360001,98.160004,5170800,97.452093,,
3/30/16,98.900002,99.089996,98.349998,98.910004,5677500,98.196684,,
3/31/16,99.010002,100.370003,99.010002,99.309998,7038800,98.593793,,
4/1/16,98.800003,99.339996,98.580002,99.07,5895500,98.355526,,
4/4/16,99.300003,99.440002,98.580002,98.68,5334700,97.968339,,
4/5/16,96.849998,97.610001,96.150002,97,10818800,96.300455,,
4/6/16,96.959999,97.629997,96.830002,97.480003,6952400,96.776997,,
4/7/16,97.110001,97.419998,95.919998,96.160004,7525400,95.466517,,
4/8/16,96.629997,96.839996,95.800003,96.419998,6982700,95.724636,,
4/11/16,96.93,97.639999,96.199997,96.269997,5916600,95.575716,,
4/12/16,96.279999,97.529999,96.07,97.349998,6277200,96.647929,,
4/13/16,98.029999,99.809998,97.959999,99.480003,7967400,98.762573,,
4/14/16,99.790001,99.870003,98.260002,98.629997,6676200,97.918697,,
4/15/16,98.5,98.889999,98.18,98.589996,6146800,97.878985,,
4/18/16,99.599998,101.949997,99.5,101.480003,10665200,100.748149,,
4/19/16,102,103.639999,101.93,102.639999,10639800,101.89978,,
4/20/16,103.019997,103.480003,101.959999,103.269997,7712000,102.525234,,
4/21/16,103.360001,104.120003,102.650002,102.910004,6824800,102.167837,,
4/22/16,103.059998,103.989998,102.93,103.769997,5731300,103.021628,,
4/25/16,103.5,104.620003,103.349998,104.57,6117100,103.815861,,
4/26/16,104.580002,105.57,104.18,104.889999,6452900,104.133553,,
4/27/16,105.190002,105.599998,104.760002,105.279999,5996100,104.52074,,
4/28/16,104.540001,105.489998,103.800003,104.029999,5658300,103.279755,,
4/29/16,103.949997,104.209999,102.400002,103.260002,7006900,102.515311,,
5/2/16,103.300003,104.57,102.800003,104.360001,5285700,103.607377,,
5/3/16,103.879997,103.989998,103.190002,103.779999,6243300,103.031558,,
5/4/16,103.309998,104.480003,103.199997,103.669998,6445100,102.92235,,
5/5/16,103.980003,105.129997,103.449997,104.93,6466000,104.173266,,
5/6/16,104.510002,105.739998,104.389999,105.540001,7407500,104.778867,,
5/9/16,106.010002,106.68,104.970001,105.339996,8130300,104.580305,,
5/10/16,105.529999,106.75,105.449997,106.599998,15177200,105.83122,,
5/11/16,101.459999,102.5,100.620003,102.290001,27068100,101.552305,,
5/12/16,102.5,102.849998,101.129997,101.709999,11251700,100.976486,,
5/13/16,101.709999,102.040001,100.360001,100.519997,9570200,99.795066,,
5/16/16,100.410004,100.669998,99.370003,100.360001,9113000,99.636224,,
5/17/16,100.790001,101.290001,99.550003,99.940002,8694400,99.219255,,
5/18/16,99.589996,99.769997,98.360001,99,9323100,98.286031,,
5/19/16,98.580002,98.610001,97.510002,98.410004,7063500,97.70029,,
5/20/16,99,99.93,98.769997,99.779999,7297000,99.060405,,
5/23/16,99.599998,100.330002,99.120003,99.18,5588600,98.464734,,
5/24/16,99.449997,100.040001,99.379997,99.510002,5250800,98.792355,,
5/25/16,99.919998,100.800003,99.809998,99.860001,5667300,99.13983,,
5/26/16,99.889999,100.489998,99.57,99.809998,3852600,99.090187,,
5/27/16,99.809998,100.529999,99.809998,100.290001,4589100,99.566729,,
5/31/16,99.849998,99.889999,98.57,99.220001,10396200,98.504446,,
6/1/16,98.669998,98.989998,97.730003,98.519997,7243900,97.80949,,
6/2/16,98.07,98.720001,97.870003,98.720001,4830100,98.008052,,
6/3/16,98.660004,98.919998,97.730003,98.75,6857500,98.037834,,
6/6/16,98.959999,99.120003,98.470001,98.779999,4986600,98.067617,,
6/7/16,99,99.040001,98.32,98.349998,5608400,97.640718,,
6/8/16,98.489998,98.82,97.699997,98.040001,5466200,97.332956,,
6/9/16,97.82,97.93,97.099998,97.839996,5379400,97.134393,,
6/10/16,97.150002,97.709999,96.779999,97.339996,7204400,96.637999,,
6/13/16,96.75,98.980003,96.699997,97.57,8766300,96.866344,,
6/14/16,97.199997,98.550003,97.18,98.400002,6125700,97.69036,,
6/15/16,98.190002,99,98.190002,98.269997,6663200,97.561293,,
6/16/16,97.800003,98.629997,96.860001,98.379997,7129700,97.6705,,
6/17/16,98.410004,99.139999,98.269997,99,8959400,98.286031,,
6/20/16,100.080002,100.959999,99.5,99.57,8268600,98.85192,,
6/21/16,99.730003,99.790001,98.769997,98.82,5202500,98.107329,,
6/22/16,99.080002,99.620003,98.699997,98.790001,4948900,98.077547,,
6/23/16,99.440002,99.620003,98.610001,99.019997,5826100,98.305884,,
6/24/16,96.010002,97.279999,95.139999,95.720001,15079900,95.029687,,
6/27/16,94.910004,95.230003,94,94.379997,9438400,93.699347,,
6/28/16,95.459999,96.279999,95.139999,96.050003,7143100,95.357309,,
6/29/16,96.910004,97.290001,96.279999,96.980003,6563600,96.280603,,
6/30/16,97.099998,98.07,96.879997,97.82,7189500,97.114541,,